Data_as_of,Region,Office_Name,Demographic,Out_of_State,Month_in_Care,TOTAL_CIP,FOSTER_CARE,RELATIVE_CARE,SPECIAL_STUDY,THERAPEUTIC_FOSTER_CARE,PDC_SAFE_HOME,SHELTER,GROUP_HOME,RESIDENTIAL,DCF_HIGHMEADOWS,DCF_SOLNIT,DCF_CJTS,HOSPITAL,INDEPENDENT_LIVING
06/26/2014,Other,NULL,F,N,07/01/2004,1,1,0,0,0,0,0,0,0,0,0,0,0,0
06/26/2014,Other,Aftercare,F,N,07/01/2004,5,0,0,0,0,0,0,0,5,0,0,0,0,0
06/26/2014,Other,Aftercare,M,Y,07/01/2004,8,0,0,0,0,0,0,0,8,0,0,0,0,0
06/26/2014,Other,Aftercare,M,N,07/01/2004,23,0,0,0,0,0,0,1,8,0,0,14,0,0
06/26/2014,Other,Gen'l Administration,F,N,07/01/2004,4,1,0,0,0,0,0,0,3,0,0,0,0,0
06/26/2014,Other,Gen'l Administration,M,N,07/01/2004,9,0,0,0,0,0,0,0,4,0,0,5,0,0
06/26/2014,Other,Gen'l Administration,M,Y,07/01/2004,9,0,0,0,0,0,0,0,9,0,0,0,0,0
06/26/2014,Other,Treatment Services,M,N,07/01/2004,1,0,0,0,0,0,0,0,0,0,0,1,0,0
06/26/2014,Other,Unassigned_Office,F,N,07/01/2004,37,3,0,0,0,0,0,3,31,0,0,0,0,0
06/26/2014,Other,Unassigned_Office,F,Y,07/01/2004,4,0,0,0,0,0,0,2,2,0,0,0,0,0
06/26/2014,Other,Unassigned_Office,M,N,07/01/2004,103,3,2,0,0,1,0,0,91,0,1,5,0,0
06/26/2014,Other,Unassigned_Office,M,Y,07/01/2004,17,0,0,0,0,0,0,0,17,0,0,0,0,0
06/26/2014,Region 1,Bridgeport Office,F,N,07/01/2004,259,120,55,7,27,5,5,11,14,1,5,0,3,6
06/26/2014,Region 1,Bridgeport Office,F,Y,07/01/2004,31,5,6,0,2,0,0,1,17,0,0,0,0,0
06/26/2014,Region 1,Bridgeport Office,M,N,07/01/2004,258,100,55,6,23,7,4,20,31,3,4,1,0,4
06/26/2014,Region 1,Bridgeport Office,M,Y,07/01/2004,37,5,3,0,6,0,0,0,23,0,0,0,0,0
06/26/2014,Region 1,Norwalk Office,F,N,07/01/2004,35,11,11,1,1,3,0,3,4,0,0,0,0,1
06/26/2014,Region 1,Norwalk Office,F,Y,07/01/2004,5,1,0,0,0,0,0,0,4,0,0,0,0,0
06/26/2014,Region 1,Norwalk Office,M,N,07/01/2004,31,9,12,3,2,0,1,1,2,0,1,0,0,0
06/26/2014,Region 1,Norwalk Office,M,Y,07/01/2004,8,3,1,0,0,0,0,0,3,0,0,0,1,0
06/26/2014,Region 1,Stamford Office,F,N,07/01/2004,24,10,3,0,2,2,1,0,6,0,0,0,0,0
06/26/2014,Region 1,Stamford Office,F,Y,07/01/2004,8,4,0,0,1,0,0,0,3,0,0,0,0,0
06/26/2014,Region 1,Stamford Office,M,N,07/01/2004,24,7,2,2,1,1,1,6,3,1,0,0,0,0
06/26/2014,Region 1,Stamford Office,M,Y,07/01/2004,9,1,0,0,2,0,0,0,6,0,0,0,0,0
06/26/2014,Region 2,Milford Office,F,N,07/01/2004,142,60,36,1,21,5,1,2,11,0,2,0,0,3
06/26/2014,Region 2,Milford Office,F,Y,07/01/2004,19,4,1,0,1,0,0,0,13,0,0,0,0,0
06/26/2014,Region 2,Milford Office,M,N,07/01/2004,137,38,27,3,32,3,3,11,18,0,2,0,0,0
06/26/2014,Region 2,Milford Office,M,Y,07/01/2004,34,2,0,0,3,0,0,0,29,0,0,0,0,0
06/26/2014,Region 2,New Haven Office,F,N,07/01/2004,272,110,51,6,47,14,2,8,19,4,4,0,0,7
06/26/2014,Region 2,New Haven Office,F,Y,07/01/2004,37,10,8,1,3,0,0,0,15,0,0,0,0,0
06/26/2014,Region 2,New Haven Office,M,N,07/01/2004,311,92,48,10,67,16,5,13,42,6,2,4,0,6
06/26/2014,Region 2,New Haven Office,M,Y,07/01/2004,47,4,5,0,3,0,0,1,34,0,0,0,0,0
06/26/2014,Region 3,Middletown Office,F,N,07/01/2004,67,28,11,6,6,1,0,5,8,0,0,0,1,1
06/26/2014,Region 3,Middletown Office,F,Y,07/01/2004,8,0,1,0,0,0,0,1,6,0,0,0,0,0
06/26/2014,Region 3,Middletown Office,M,N,07/01/2004,79,21,15,3,11,5,0,4,11,2,3,0,0,4
06/26/2014,Region 3,Middletown Office,M,Y,07/01/2004,19,0,2,0,2,0,0,1,14,0,0,0,0,0
06/26/2014,Region 3,Norwich Office,F,N,07/01/2004,270,144,55,8,13,10,5,8,20,0,2,0,3,2
06/26/2014,Region 3,Norwich Office,F,Y,07/01/2004,16,3,1,0,2,0,0,0,10,0,0,0,0,0
06/26/2014,Region 3,Norwich Office,M,N,07/01/2004,277,136,53,6,21,10,9,15,19,0,0,0,1,7
06/26/2014,Region 3,Norwich Office,M,Y,07/01/2004,32,5,6,0,0,0,0,0,21,0,0,0,0,0
06/26/2014,Region 3,Willimantic Office,F,N,07/01/2004,154,88,23,18,6,7,1,2,5,0,0,0,2,2
06/26/2014,Region 3,Willimantic Office,F,Y,07/01/2004,12,2,2,0,1,0,0,0,7,0,0,0,0,0
06/26/2014,Region 3,Willimantic Office,M,N,07/01/2004,210,123,35,10,9,3,4,5,16,0,3,1,0,1
06/26/2014,Region 3,Willimantic Office,M,Y,07/01/2004,41,5,4,0,7,0,0,1,24,0,0,0,0,0
06/26/2014,Region 4,Hartford Office,F,N,07/01/2004,437,192,113,16,28,15,3,14,24,0,12,0,4,16
06/26/2014,Region 4,Hartford Office,F,Y,07/01/2004,48,11,11,0,4,0,0,1,20,0,0,0,1,0
06/26/2014,Region 4,Hartford Office,M,N,07/01/2004,449,181,106,17,55,13,10,28,22,2,6,0,2,7
06/26/2014,Region 4,Hartford Office,M,Y,07/01/2004,97,18,9,1,12,0,0,0,57,0,0,0,0,0
06/26/2014,Region 4,Manchester Office,F,N,07/01/2004,263,110,72,16,5,8,4,12,27,3,1,0,0,5
06/26/2014,Region 4,Manchester Office,F,Y,07/01/2004,32,5,6,1,0,0,0,1,19,0,0,0,0,0
06/26/2014,Region 4,Manchester Office,M,N,07/01/2004,235,91,57,10,13,15,1,13,27,2,2,2,0,2
06/26/2014,Region 4,Manchester Office,M,Y,07/01/2004,54,2,2,0,9,0,0,0,41,0,0,0,0,0
06/26/2014,Region 5,Danbury Office,F,N,07/01/2004,63,18,13,3,3,6,1,5,12,0,0,0,1,1
06/26/2014,Region 5,Danbury Office,F,Y,07/01/2004,15,3,2,0,3,0,0,0,7,0,0,0,0,0
06/26/2014,Region 5,Danbury Office,M,N,07/01/2004,67,21,18,3,4,1,1,6,10,1,2,0,0,0
06/26/2014,Region 5,Danbury Office,M,Y,07/01/2004,17,1,5,0,5,0,0,1,5,0,0,0,0,0
06/26/2014,Region 5,Torrington Office,F,N,07/01/2004,61,34,10,2,4,2,1,2,5,0,1,0,0,0
06/26/2014,Region 5,Torrington Office,F,Y,07/01/2004,12,3,0,0,2,0,0,0,7,0,0,0,0,0
06/26/2014,Region 5,Torrington Office,M,N,07/01/2004,81,34,16,3,3,2,0,4,15,1,2,0,1,0
06/26/2014,Region 5,Torrington Office,M,Y,07/01/2004,25,3,1,0,6,0,0,0,15,0,0,0,0,0
06/26/2014,Region 5,Waterbury Office,F,N,07/01/2004,257,120,63,14,20,5,2,3,14,1,3,0,0,12
06/26/2014,Region 5,Waterbury Office,F,Y,07/01/2004,37,7,8,0,8,0,0,0,14,0,0,0,0,0
06/26/2014,Region 5,Waterbury Office,M,N,07/01/2004,289,140,50,10,25,13,2,8,29,4,1,1,0,6
06/26/2014,Region 5,Waterbury Office,M,Y,07/01/2004,62,4,11,0,13,0,0,0,33,0,0,0,1,0
06/26/2014,Region 6,Meriden Office,F,N,07/01/2004,89,33,26,0,15,2,1,4,4,0,1,0,0,3
06/26/2014,Region 6,Meriden Office,F,Y,07/01/2004,12,3,2,0,0,0,0,0,7,0,0,0,0,0
06/26/2014,Region 6,Meriden Office,M,N,07/01/2004,101,32,21,3,15,1,2,4,16,1,2,0,0,4
06/26/2014,Region 6,Meriden Office,M,Y,07/01/2004,21,3,5,0,4,0,0,0,9,0,0,0,0,0
06/26/2014,Region 6,New Britain Office,F,N,07/01/2004,276,103,66,13,33,6,5,12,21,2,4,0,1,10
06/26/2014,Region 6,New Britain Office,F,Y,07/01/2004,28,6,4,0,4,0,0,0,14,0,0,0,0,0
06/26/2014,Region 6,New Britain Office,M,N,07/01/2004,283,88,80,10,22,15,8,18,28,1,5,0,1,7
06/26/2014,Region 6,New Britain Office,M,Y,07/01/2004,50,4,5,0,3,0,0,1,37,0,0,0,0,0
06/26/2014,Other,Aftercare,M,N,07/01/2005,4,0,1,0,0,0,0,0,0,0,0,3,0,0
06/26/2014,Other,Aftercare,M,Y,07/01/2005,1,0,0,0,0,0,0,0,1,0,0,0,0,0
06/26/2014,Other,Gen'l Administration,F,N,07/01/2005,2,1,0,0,0,0,0,0,1,0,0,0,0,0
06/26/2014,Other,Gen'l Administration,M,N,07/01/2005,3,0,0,0,0,0,0,1,1,0,0,1,0,0
06/26/2014,Other,Hotline,F,N,07/01/2005,1,0,0,0,0,0,0,0,1,0,0,0,0,0
06/26/2014,Other,Unassigned_Office,F,N,07/01/2005,34,2,3,0,0,0,0,3,26,0,0,0,0,0
06/26/2014,Other,Unassigned_Office,M,N,07/01/2005,143,3,2,0,0,1,0,3,86,0,1,47,0,0
06/26/2014,Other,Unassigned_Office,M,Y,07/01/2005,14,0,0,0,0,0,0,0,14,0,0,0,0,0
06/26/2014,Region 1,Bridgeport Office,F,N,07/01/2005,271,105,61,4,35,7,4,14,28,4,1,0,1,7
06/26/2014,Region 1,Bridgeport Office,F,Y,07/01/2005,18,3,5,0,0,0,0,2,7,0,0,0,1,0
06/26/2014,Region 1,Bridgeport Office,M,N,07/01/2005,267,104,51,8,35,1,5,20,29,1,4,5,2,2
06/26/2014,Region 1,Bridgeport Office,M,Y,07/01/2005,23,0,4,0,1,0,0,0,18,0,0,0,0,0
06/26/2014,Region 1,Norwalk Office,F,N,07/01/2005,39,11,14,0,3,0,0,2,6,0,0,0,1,2
06/26/2014,Region 1,Norwalk Office,F,Y,07/01/2005,6,3,1,0,0,0,0,0,2,0,0,0,0,0
06/26/2014,Region 1,Norwalk Office,M,N,07/01/2005,49,9,13,8,9,2,2,1,4,0,0,1,0,0
06/26/2014,Region 1,Norwalk Office,M,Y,07/01/2005,7,3,1,0,0,0,0,0,3,0,0,0,0,0
06/26/2014,Region 1,Stamford Office,F,N,07/01/2005,31,8,8,2,3,1,1,1,4,0,2,0,0,1
06/26/2014,Region 1,Stamford Office,F,Y,07/01/2005,2,1,0,0,0,0,0,0,1,0,0,0,0,0
06/26/2014,Region 1,Stamford Office,M,N,07/01/2005,45,13,5,1,4,5,4,7,4,0,0,1,0,1
06/26/2014,Region 1,Stamford Office,M,Y,07/01/2005,4,0,0,0,0,0,0,0,4,0,0,0,0,0
06/26/2014,Region 2,Milford Office,F,N,07/01/2005,154,50,37,1,31,4,5,2,19,0,3,0,0,2
06/26/2014,Region 2,Milford Office,F,Y,07/01/2005,12,2,0,0,0,0,0,0,10,0,0,0,0,0
06/26/2014,Region 2,Milford Office,M,N,07/01/2005,198,42,37,8,41,7,2,14,43,2,0,2,0,0
06/26/2014,Region 2,Milford Office,M,Y,07/01/2005,26,1,1,0,1,0,0,0,23,0,0,0,0,0
06/26/2014,Region 2,New Haven Office,F,N,07/01/2005,260,71,48,10,68,6,2,6,28,2,5,0,2,12
06/26/2014,Region 2,New Haven Office,F,Y,07/01/2005,19,3,5,1,2,0,0,0,8,0,0,0,0,0
06/26/2014,Region 2,New Haven Office,M,N,07/01/2005,272,62,34,6,84,13,1,11,37,6,4,7,1,6
06/26/2014,Region 2,New Haven Office,M,Y,07/01/2005,27,3,4,0,0,0,0,1,19,0,0,0,0,0
06/26/2014,Region 3,Middletown Office,F,N,07/01/2005,67,19,17,2,7,2,0,6,9,0,1,0,0,4
06/26/2014,Region 3,Middletown Office,F,Y,07/01/2005,2,0,0,0,0,0,0,0,2,0,0,0,0,0
06/26/2014,Region 3,Middletown Office,M,N,07/01/2005,89,14,22,5,15,3,1,7,15,1,1,2,0,3
06/26/2014,Region 3,Middletown Office,M,Y,07/01/2005,10,0,0,0,0,0,0,1,9,0,0,0,0,0
06/26/2014,Region 3,Norwich Office,F,N,07/01/2005,238,115,45,12,24,5,4,9,16,0,3,0,2,3
06/26/2014,Region 3,Norwich Office,F,Y,07/01/2005,15,7,3,0,0,0,0,1,4,0,0,0,0,0
06/26/2014,Region 3,Norwich Office,M,N,07/01/2005,257,112,42,9,27,10,8,14,21,0,3,2,4,5
06/26/2014,Region 3,Norwich Office,M,Y,07/01/2005,31,6,7,0,0,0,0,0,18,0,0,0,0,0
06/26/2014,Region 3,Willimantic Office,F,N,07/01/2005,140,79,19,16,8,5,3,2,7,0,1,0,0,0
06/26/2014,Region 3,Willimantic Office,F,Y,07/01/2005,10,3,4,0,0,0,0,0,3,0,0,0,0,0
06/26/2014,Region 3,Willimantic Office,M,N,07/01/2005,178,88,24,7,21,10,3,4,18,0,2,1,0,0
06/26/2014,Region 3,Willimantic Office,M,Y,07/01/2005,29,6,5,0,0,0,0,2,16,0,0,0,0,0
06/26/2014,Region 4,Hartford Office,F,N,07/01/2005,448,166,95,24,56,16,10,21,34,1,11,0,1,13
06/26/2014,Region 4,Hartford Office,F,Y,07/01/2005,32,7,7,0,0,0,0,0,18,0,0,0,0,0
06/26/2014,Region 4,Hartford Office,M,N,07/01/2005,460,153,100,15,82,11,6,30,39,4,5,4,1,10
06/26/2014,Region 4,Hartford Office,M,Y,07/01/2005,58,11,8,0,1,0,0,0,38,0,0,0,0,0
06/26/2014,Region 4,Manchester Office,F,N,07/01/2005,302,123,90,17,11,6,5,23,18,2,3,0,1,3
06/26/2014,Region 4,Manchester Office,F,Y,07/01/2005,20,3,5,0,1,0,0,2,9,0,0,0,0,0
06/26/2014,Region 4,Manchester Office,M,N,07/01/2005,271,88,72,9,24,10,4,15,29,5,6,0,4,5
06/26/2014,Region 4,Manchester Office,M,Y,07/01/2005,37,4,5,1,0,0,0,0,27,0,0,0,0,0
06/26/2014,Region 5,Danbury Office,F,N,07/01/2005,72,21,17,5,5,5,1,7,7,0,0,0,1,3
06/26/2014,Region 5,Danbury Office,F,Y,07/01/2005,7,2,1,0,0,0,0,0,4,0,0,0,0,0
06/26/2014,Region 5,Danbury Office,M,N,07/01/2005,66,22,16,3,7,0,0,5,9,1,1,0,1,1
06/26/2014,Region 5,Danbury Office,M,Y,07/01/2005,6,1,1,0,0,0,0,0,4,0,0,0,0,0
06/26/2014,Region 5,Torrington Office,F,N,07/01/2005,73,33,10,4,9,2,1,6,8,0,0,0,0,0
06/26/2014,Region 5,Torrington Office,F,Y,07/01/2005,7,3,1,0,0,0,0,0,3,0,0,0,0,0
06/26/2014,Region 5,Torrington Office,M,N,07/01/2005,80,25,18,3,13,1,2,6,11,0,1,0,0,0
06/26/2014,Region 5,Torrington Office,M,Y,07/01/2005,15,3,0,0,0,0,0,0,12,0,0,0,0,0
06/26/2014,Region 5,Waterbury Office,F,N,07/01/2005,266,108,65,13,32,6,6,4,14,2,9,0,0,7
06/26/2014,Region 5,Waterbury Office,F,Y,07/01/2005,13,2,3,0,1,0,0,0,7,0,0,0,0,0
06/26/2014,Region 5,Waterbury Office,M,N,07/01/2005,293,99,60,13,57,12,3,9,23,3,6,3,0,5
06/26/2014,Region 5,Waterbury Office,M,Y,07/01/2005,25,2,6,0,1,0,0,1,15,0,0,0,0,0
06/26/2014,Region 6,Meriden Office,F,N,07/01/2005,112,37,27,6,16,4,4,6,7,0,0,0,0,5
06/26/2014,Region 6,Meriden Office,F,Y,07/01/2005,6,1,1,0,0,0,0,0,3,0,0,0,1,0
06/26/2014,Region 6,Meriden Office,M,N,07/01/2005,114,31,29,2,17,7,2,2,12,3,2,1,0,6
06/26/2014,Region 6,Meriden Office,M,Y,07/01/2005,13,2,3,0,5,0,0,0,3,0,0,0,0,0
06/26/2014,Region 6,New Britain Office,F,N,07/01/2005,269,89,58,11,43,7,3,19,25,1,1,0,2,10
06/26/2014,Region 6,New Britain Office,F,Y,07/01/2005,18,2,7,1,1,0,0,1,6,0,0,0,0,0
06/26/2014,Region 6,New Britain Office,M,N,07/01/2005,281,71,76,8,40,6,10,25,30,0,5,0,2,8
06/26/2014,Region 6,New Britain Office,M,Y,07/01/2005,34,6,7,0,0,0,0,0,21,0,0,0,0,0
06/26/2014,Other,Aftercare,M,N,07/01/2006,2,0,1,0,0,0,0,0,1,0,0,0,0,0
06/26/2014,Other,Gen'l Administration,F,N,07/01/2006,2,0,0,0,0,0,0,0,0,0,0,0,1,1
06/26/2014,Other,Gen'l Administration,M,N,07/01/2006,1,0,0,0,0,0,0,0,1,0,0,0,0,0
06/26/2014,Other,Gen'l Administration,M,Y,07/01/2006,1,0,0,0,0,0,0,0,1,0,0,0,0,0
06/26/2014,Other,Hotline,F,N,07/01/2006,1,0,0,0,0,0,0,0,1,0,0,0,0,0
06/26/2014,Other,Unassigned_Office,F,N,07/01/2006,32,1,1,0,0,0,0,2,27,0,1,0,0,0
06/26/2014,Other,Unassigned_Office,F,Y,07/01/2006,2,1,0,0,0,0,0,0,1,0,0,0,0,0
06/26/2014,Other,Unassigned_Office,M,N,07/01/2006,123,0,1,0,0,1,0,6,58,0,1,56,0,0
06/26/2014,Other,Unassigned_Office,M,Y,07/01/2006,19,0,0,0,0,0,0,0,19,0,0,0,0,0
06/26/2014,Region 1,Bridgeport Office,F,N,07/01/2006,223,76,43,12,36,2,2,13,22,3,2,0,1,11
06/26/2014,Region 1,Bridgeport Office,F,Y,07/01/2006,12,2,6,0,0,0,0,0,4,0,0,0,0,0
06/26/2014,Region 1,Bridgeport Office,M,N,07/01/2006,234,74,58,10,30,5,4,22,18,1,3,5,1,3
06/26/2014,Region 1,Bridgeport Office,M,Y,07/01/2006,27,0,3,0,1,0,0,1,22,0,0,0,0,0
06/26/2014,Region 1,Norwalk Office,F,N,07/01/2006,55,16,16,2,4,2,1,2,8,0,2,0,0,2
06/26/2014,Region 1,Norwalk Office,F,Y,07/01/2006,5,3,1,0,0,0,0,0,1,0,0,0,0,0
06/26/2014,Region 1,Norwalk Office,M,N,07/01/2006,50,11,14,5,8,1,1,1,6,0,0,2,0,1
06/26/2014,Region 1,Norwalk Office,M,Y,07/01/2006,8,1,2,0,0,0,0,0,5,0,0,0,0,0
06/26/2014,Region 1,Stamford Office,F,N,07/01/2006,34,9,10,3,3,0,0,0,6,0,1,0,0,2
06/26/2014,Region 1,Stamford Office,F,Y,07/01/2006,2,1,0,0,0,0,0,0,1,0,0,0,0,0
06/26/2014,Region 1,Stamford Office,M,N,07/01/2006,44,12,12,1,3,1,0,3,7,0,1,2,0,2
06/26/2014,Region 1,Stamford Office,M,Y,07/01/2006,3,0,1,0,0,0,0,0,2,0,0,0,0,0
06/26/2014,Region 2,Milford Office,F,N,07/01/2006,165,41,47,5,35,3,4,5,21,0,2,0,0,2
06/26/2014,Region 2,Milford Office,F,Y,07/01/2006,12,3,1,0,0,0,0,0,8,0,0,0,0,0
06/26/2014,Region 2,Milford Office,M,N,07/01/2006,177,32,32,11,48,4,4,14,27,3,0,1,0,1
06/26/2014,Region 2,Milford Office,M,Y,07/01/2006,21,2,1,0,0,0,0,0,18,0,0,0,0,0
06/26/2014,Region 2,New Haven Office,F,N,07/01/2006,273,74,68,6,62,10,5,5,29,1,4,0,0,9
06/26/2014,Region 2,New Haven Office,F,Y,07/01/2006,15,4,3,1,0,0,0,0,7,0,0,0,0,0
06/26/2014,Region 2,New Haven Office,M,N,07/01/2006,281,66,44,7,76,19,3,13,27,2,5,12,1,6
06/26/2014,Region 2,New Haven Office,M,Y,07/01/2006,31,7,4,0,0,0,0,1,19,0,0,0,0,0
06/26/2014,Region 3,Middletown Office,F,N,07/01/2006,75,29,16,3,4,3,0,10,8,0,1,0,0,1
06/26/2014,Region 3,Middletown Office,F,Y,07/01/2006,5,1,2,0,0,0,0,0,2,0,0,0,0,0
06/26/2014,Region 3,Middletown Office,M,N,07/01/2006,91,26,19,3,16,2,0,4,16,1,1,1,0,2
06/26/2014,Region 3,Middletown Office,M,Y,07/01/2006,5,1,0,0,0,0,0,0,4,0,0,0,0,0
06/26/2014,Region 3,Norwich Office,F,N,07/01/2006,245,115,48,14,27,3,4,14,11,0,3,0,0,6
06/26/2014,Region 3,Norwich Office,F,Y,07/01/2006,18,7,4,0,2,0,0,0,5,0,0,0,0,0
06/26/2014,Region 3,Norwich Office,M,N,07/01/2006,254,114,41,13,30,6,4,13,21,1,1,2,1,7
06/26/2014,Region 3,Norwich Office,M,Y,07/01/2006,32,5,3,0,5,0,0,1,17,0,0,0,0,1
06/26/2014,Region 3,Willimantic Office,F,N,07/01/2006,163,76,20,26,16,8,1,3,10,2,1,0,0,0
06/26/2014,Region 3,Willimantic Office,F,Y,07/01/2006,11,4,3,0,0,0,0,0,4,0,0,0,0,0
06/26/2014,Region 3,Willimantic Office,M,N,07/01/2006,182,83,28,11,22,7,4,8,16,1,2,0,0,0
06/26/2014,Region 3,Willimantic Office,M,Y,07/01/2006,22,5,2,0,0,0,0,0,15,0,0,0,0,0
06/26/2014,Region 4,Hartford Office,F,N,07/01/2006,437,147,102,32,54,15,11,24,25,0,9,0,3,15
06/26/2014,Region 4,Hartford Office,F,Y,07/01/2006,16,6,4,1,0,0,0,1,3,0,0,0,1,0
06/26/2014,Region 4,Hartford Office,M,N,07/01/2006,440,150,87,15,70,14,5,30,38,2,12,6,3,8
06/26/2014,Region 4,Hartford Office,M,Y,07/01/2006,55,10,6,1,0,0,0,1,36,0,0,0,1,0
06/26/2014,Region 4,Manchester Office,F,N,07/01/2006,280,103,84,17,15,10,7,18,11,1,4,0,5,5
06/26/2014,Region 4,Manchester Office,F,Y,07/01/2006,10,0,0,0,0,0,0,2,8,0,0,0,0,0
06/26/2014,Region 4,Manchester Office,M,N,07/01/2006,285,96,64,20,30,11,4,17,23,5,3,1,2,9
06/26/2014,Region 4,Manchester Office,M,Y,07/01/2006,30,3,6,0,1,0,0,0,20,0,0,0,0,0
06/26/2014,Region 5,Danbury Office,F,N,07/01/2006,72,23,19,5,4,1,1,7,9,1,0,0,1,1
06/26/2014,Region 5,Danbury Office,F,Y,07/01/2006,4,2,1,0,0,0,0,0,1,0,0,0,0,0
06/26/2014,Region 5,Danbury Office,M,N,07/01/2006,80,28,12,5,8,6,1,6,8,3,1,1,0,1
06/26/2014,Region 5,Danbury Office,M,Y,07/01/2006,7,1,1,0,0,0,0,0,5,0,0,0,0,0
06/26/2014,Region 5,Torrington Office,F,N,07/01/2006,82,40,11,3,7,3,2,2,14,0,0,0,0,0
06/26/2014,Region 5,Torrington Office,F,Y,07/01/2006,7,2,1,0,0,0,0,0,4,0,0,0,0,0
06/26/2014,Region 5,Torrington Office,M,N,07/01/2006,102,46,13,4,8,4,1,10,13,0,0,0,2,1
06/26/2014,Region 5,Torrington Office,M,Y,07/01/2006,12,1,0,0,1,0,0,0,10,0,0,0,0,0
06/26/2014,Region 5,Waterbury Office,F,N,07/01/2006,300,128,68,13,32,5,4,19,14,1,6,0,2,8
06/26/2014,Region 5,Waterbury Office,F,Y,07/01/2006,16,4,7,0,0,0,0,0,5,0,0,0,0,0
06/26/2014,Region 5,Waterbury Office,M,N,07/01/2006,320,117,64,17,58,8,3,9,25,6,4,6,1,2
06/26/2014,Region 5,Waterbury Office,M,Y,07/01/2006,20,2,6,0,1,0,0,0,11,0,0,0,0,0
06/26/2014,Region 6,Meriden Office,F,N,07/01/2006,100,33,26,8,10,2,4,4,7,0,1,0,1,4
06/26/2014,Region 6,Meriden Office,F,Y,07/01/2006,4,0,1,0,0,0,0,0,3,0,0,0,0,0
06/26/2014,Region 6,Meriden Office,M,N,07/01/2006,125,39,26,3,19,11,2,2,15,1,2,3,0,2
06/26/2014,Region 6,Meriden Office,M,Y,07/01/2006,15,3,4,0,1,0,0,2,5,0,0,0,0,0
06/26/2014,Region 6,New Britain Office,F,N,07/01/2006,291,81,64,14,60,9,1,25,20,0,2,0,1,14
06/26/2014,Region 6,New Britain Office,F,Y,07/01/2006,11,1,7,0,1,0,0,0,2,0,0,0,0,0
06/26/2014,Region 6,New Britain Office,M,N,07/01/2006,313,78,75,12,55,6,5,25,33,1,4,5,2,12
06/26/2014,Region 6,New Britain Office,M,Y,07/01/2006,28,8,8,0,1,0,0,1,10,0,0,0,0,0
06/26/2014,Other,Aftercare,M,N,07/01/2007,2,0,1,0,0,0,0,0,0,0,0,1,0,0
06/26/2014,Other,Gen'l Administration,F,N,07/01/2007,1,0,0,0,0,0,0,0,0,0,0,0,1,0
06/26/2014,Other,Gen'l Administration,M,N,07/01/2007,1,1,0,0,0,0,0,0,0,0,0,0,0,0
06/26/2014,Other,Spec Invest. Unit,F,N,07/01/2007,1,0,0,0,0,0,0,0,1,0,0,0,0,0
06/26/2014,Other,Unassigned_Office,F,N,07/01/2007,25,1,2,0,0,0,0,0,20,0,1,1,0,0
06/26/2014,Other,Unassigned_Office,F,Y,07/01/2007,2,0,0,0,0,0,0,0,2,0,0,0,0,0
06/26/2014,Other,Unassigned_Office,M,N,07/01/2007,111,0,3,0,0,1,0,8,41,0,2,56,0,0
06/26/2014,Other,Unassigned_Office,M,Y,07/01/2007,19,0,0,0,0,0,0,0,18,0,0,0,1,0
06/26/2014,Region 1,Bridgeport Office,F,N,07/01/2007,202,75,36,10,34,3,2,15,14,1,4,0,0,8
06/26/2014,Region 1,Bridgeport Office,F,Y,07/01/2007,11,2,4,0,0,0,0,0,5,0,0,0,0,0
06/26/2014,Region 1,Bridgeport Office,M,N,07/01/2007,224,86,32,7,25,2,1,30,21,2,1,11,3,3
06/26/2014,Region 1,Bridgeport Office,M,Y,07/01/2007,16,2,2,0,0,0,0,0,12,0,0,0,0,0
06/26/2014,Region 1,Norwalk Office,F,N,07/01/2007,47,14,13,2,6,0,1,4,5,0,0,0,0,2
06/26/2014,Region 1,Norwalk Office,F,Y,07/01/2007,5,1,2,0,0,0,0,0,2,0,0,0,0,0
06/26/2014,Region 1,Norwalk Office,M,N,07/01/2007,41,17,3,3,5,1,1,1,5,1,0,1,2,1
06/26/2014,Region 1,Norwalk Office,M,Y,07/01/2007,10,0,3,0,4,0,0,0,3,0,0,0,0,0
06/26/2014,Region 1,Stamford Office,F,N,07/01/2007,29,10,11,0,1,1,2,2,1,0,0,0,0,1
06/26/2014,Region 1,Stamford Office,F,Y,07/01/2007,1,0,0,0,0,0,0,0,1,0,0,0,0,0
06/26/2014,Region 1,Stamford Office,M,N,07/01/2007,34,9,7,1,3,2,1,5,5,0,0,0,0,1
06/26/2014,Region 1,Stamford Office,M,Y,07/01/2007,3,1,1,0,0,0,0,0,1,0,0,0,0,0
06/26/2014,Region 2,Milford Office,F,N,07/01/2007,168,35,47,7,38,1,2,11,16,0,2,0,4,5
06/26/2014,Region 2,Milford Office,F,Y,07/01/2007,11,2,4,1,0,0,0,0,4,0,0,0,0,0
06/26/2014,Region 2,Milford Office,M,N,07/01/2007,179,33,24,10,46,4,8,18,27,4,3,2,0,0
06/26/2014,Region 2,Milford Office,M,Y,07/01/2007,20,2,3,0,0,0,0,0,15,0,0,0,0,0
06/26/2014,Region 2,New Haven Office,F,N,07/01/2007,274,65,64,8,76,16,2,10,17,3,2,0,0,11
06/26/2014,Region 2,New Haven Office,F,Y,07/01/2007,9,6,1,0,0,0,0,0,2,0,0,0,0,0
06/26/2014,Region 2,New Haven Office,M,N,07/01/2007,298,56,35,4,93,13,6,24,43,6,1,7,4,6
06/26/2014,Region 2,New Haven Office,M,Y,07/01/2007,31,6,2,0,0,0,0,0,22,0,0,0,1,0
06/26/2014,Region 3,Middletown Office,F,N,07/01/2007,70,23,14,4,11,1,0,8,7,0,0,0,0,2
06/26/2014,Region 3,Middletown Office,F,Y,07/01/2007,4,1,2,0,0,0,0,0,1,0,0,0,0,0
06/26/2014,Region 3,Middletown Office,M,N,07/01/2007,77,16,17,2,16,4,1,9,8,0,2,1,0,1
06/26/2014,Region 3,Middletown Office,M,Y,07/01/2007,10,1,1,0,0,0,0,0,8,0,0,0,0,0
06/26/2014,Region 3,Norwich Office,F,N,07/01/2007,197,100,24,10,22,5,4,12,13,1,2,0,1,3
06/26/2014,Region 3,Norwich Office,F,Y,07/01/2007,19,6,5,0,0,0,0,0,8,0,0,0,0,0
06/26/2014,Region 3,Norwich Office,M,N,07/01/2007,222,102,34,7,30,8,3,13,17,1,0,1,0,6
06/26/2014,Region 3,Norwich Office,M,Y,07/01/2007,31,10,1,0,0,0,0,0,19,0,0,0,1,0
06/26/2014,Region 3,Willimantic Office,F,N,07/01/2007,156,67,21,20,22,3,2,7,11,0,1,0,1,1
06/26/2014,Region 3,Willimantic Office,F,Y,07/01/2007,5,3,0,0,0,0,0,0,2,0,0,0,0,0
06/26/2014,Region 3,Willimantic Office,M,N,07/01/2007,155,67,17,9,23,6,3,12,15,0,2,0,0,1
06/26/2014,Region 3,Willimantic Office,M,Y,07/01/2007,27,5,1,2,1,0,0,0,18,0,0,0,0,0
06/26/2014,Region 4,Hartford Office,F,N,07/01/2007,401,119,91,26,61,14,6,25,25,1,6,0,4,23
06/26/2014,Region 4,Hartford Office,F,Y,07/01/2007,19,5,5,0,3,0,0,0,6,0,0,0,0,0
06/26/2014,Region 4,Hartford Office,M,N,07/01/2007,439,131,93,20,73,14,5,32,39,1,9,8,4,10
06/26/2014,Region 4,Hartford Office,M,Y,07/01/2007,52,7,9,0,0,0,0,2,34,0,0,0,0,0
06/26/2014,Region 4,Manchester Office,F,N,07/01/2007,264,119,56,18,16,4,4,13,24,0,5,0,0,5
06/26/2014,Region 4,Manchester Office,F,Y,07/01/2007,8,0,0,0,0,0,0,0,8,0,0,0,0,0
06/26/2014,Region 4,Manchester Office,M,N,07/01/2007,260,82,54,16,30,12,7,23,26,2,2,2,0,4
06/26/2014,Region 4,Manchester Office,M,Y,07/01/2007,30,3,5,0,0,0,0,0,22,0,0,0,0,0
06/26/2014,Region 5,Danbury Office,F,N,07/01/2007,69,27,13,2,7,2,1,8,7,1,0,0,1,0
06/26/2014,Region 5,Danbury Office,F,Y,07/01/2007,3,2,0,0,0,0,0,0,1,0,0,0,0,0
06/26/2014,Region 5,Danbury Office,M,N,07/01/2007,59,19,8,4,9,3,0,7,6,2,0,1,0,0
06/26/2014,Region 5,Danbury Office,M,Y,07/01/2007,10,1,0,0,2,0,0,0,7,0,0,0,0,0
06/26/2014,Region 5,Torrington Office,F,N,07/01/2007,92,41,16,5,7,4,3,4,12,0,0,0,0,0
06/26/2014,Region 5,Torrington Office,F,Y,07/01/2007,13,4,2,0,0,0,0,0,6,0,0,0,1,0
06/26/2014,Region 5,Torrington Office,M,N,07/01/2007,111,45,16,7,19,4,1,9,5,0,1,3,0,1
06/26/2014,Region 5,Torrington Office,M,Y,07/01/2007,14,2,2,0,1,0,0,0,9,0,0,0,0,0
06/26/2014,Region 5,Waterbury Office,F,N,07/01/2007,313,143,67,9,34,5,1,17,21,0,7,0,0,9
06/26/2014,Region 5,Waterbury Office,F,Y,07/01/2007,16,4,7,0,2,0,0,0,3,0,0,0,0,0
06/26/2014,Region 5,Waterbury Office,M,N,07/01/2007,335,135,70,20,52,9,7,9,17,5,8,1,1,1
06/26/2014,Region 5,Waterbury Office,M,Y,07/01/2007,25,2,7,1,0,0,0,0,15,0,0,0,0,0
06/26/2014,Region 6,Meriden Office,F,N,07/01/2007,109,31,26,5,16,1,3,6,14,1,3,0,0,3
06/26/2014,Region 6,Meriden Office,F,Y,07/01/2007,2,0,1,0,0,0,0,0,1,0,0,0,0,0
06/26/2014,Region 6,Meriden Office,M,N,07/01/2007,118,31,16,4,28,13,3,3,13,0,2,3,0,2
06/26/2014,Region 6,Meriden Office,M,Y,07/01/2007,10,0,3,1,0,0,0,0,6,0,0,0,0,0
06/26/2014,Region 6,New Britain Office,F,N,07/01/2007,291,71,66,16,51,8,10,25,19,0,6,0,3,16
06/26/2014,Region 6,New Britain Office,F,Y,07/01/2007,12,2,6,0,0,0,0,0,4,0,0,0,0,0
06/26/2014,Region 6,New Britain Office,M,N,07/01/2007,295,74,80,17,53,8,4,24,24,2,5,2,0,2
06/26/2014,Region 6,New Britain Office,M,Y,07/01/2007,27,8,6,0,1,0,0,0,12,0,0,0,0,0
06/26/2014,Other,Aftercare,M,N,07/01/2008,5,0,1,0,0,0,0,1,3,0,0,0,0,0
06/26/2014,Other,Gen'l Administration,M,N,07/01/2008,2,0,0,0,0,0,0,0,2,0,0,0,0,0
06/26/2014,Other,Spec Invest. Unit,F,N,07/01/2008,1,0,0,0,0,0,0,0,1,0,0,0,0,0
06/26/2014,Other,Unassigned_Office,F,N,07/01/2008,17,0,1,0,0,0,0,2,12,0,1,1,0,0
06/26/2014,Other,Unassigned_Office,F,Y,07/01/2008,1,0,0,0,0,0,0,0,1,0,0,0,0,0
06/26/2014,Other,Unassigned_Office,M,N,07/01/2008,90,0,1,1,0,0,0,5,38,0,0,44,0,1
06/26/2014,Other,Unassigned_Office,M,Y,07/01/2008,20,0,0,0,0,0,0,1,19,0,0,0,0,0
06/26/2014,Region 1,Bridgeport Office,F,N,07/01/2008,168,70,23,8,22,2,3,15,12,0,1,0,1,11
06/26/2014,Region 1,Bridgeport Office,F,Y,07/01/2008,21,4,7,0,1,0,0,0,9,0,0,0,0,0
06/26/2014,Region 1,Bridgeport Office,M,N,07/01/2008,200,75,23,9,21,6,5,29,19,2,2,4,2,3
06/26/2014,Region 1,Bridgeport Office,M,Y,07/01/2008,13,1,2,0,0,0,0,0,10,0,0,0,0,0
06/26/2014,Region 1,Norwalk Office,F,N,07/01/2008,47,16,7,0,6,5,1,6,3,0,1,0,0,2
06/26/2014,Region 1,Norwalk Office,F,Y,07/01/2008,5,1,2,0,0,0,0,0,2,0,0,0,0,0
06/26/2014,Region 1,Norwalk Office,M,N,07/01/2008,50,20,4,5,8,4,0,3,3,1,0,0,2,0
06/26/2014,Region 1,Norwalk Office,M,Y,07/01/2008,5,0,2,0,0,0,0,0,3,0,0,0,0,0
06/26/2014,Region 1,Stamford Office,F,N,07/01/2008,23,6,8,0,3,0,0,2,2,0,0,0,1,1
06/26/2014,Region 1,Stamford Office,F,Y,07/01/2008,3,0,2,0,0,0,0,0,1,0,0,0,0,0
06/26/2014,Region 1,Stamford Office,M,N,07/01/2008,23,3,4,1,3,1,0,8,2,0,0,1,0,0
06/26/2014,Region 1,Stamford Office,M,Y,07/01/2008,5,1,1,0,0,0,0,0,3,0,0,0,0,0
06/26/2014,Region 2,Milford Office,F,N,07/01/2008,141,30,28,14,26,2,2,15,13,0,4,0,2,5
06/26/2014,Region 2,Milford Office,F,Y,07/01/2008,13,1,2,1,0,0,0,0,9,0,0,0,0,0
06/26/2014,Region 2,Milford Office,M,N,07/01/2008,142,24,21,8,42,2,3,21,13,6,0,0,0,2
06/26/2014,Region 2,Milford Office,M,Y,07/01/2008,25,3,2,0,0,0,0,0,20,0,0,0,0,0
06/26/2014,Region 2,New Haven Office,F,N,07/01/2008,256,69,41,5,68,15,4,14,22,0,4,0,0,14
06/26/2014,Region 2,New Haven Office,F,Y,07/01/2008,20,5,3,0,1,0,0,0,11,0,0,0,0,0
06/26/2014,Region 2,New Haven Office,M,N,07/01/2008,278,60,43,3,80,20,4,24,27,2,3,5,2,5
06/26/2014,Region 2,New Haven Office,M,Y,07/01/2008,35,4,4,0,2,0,0,0,25,0,0,0,0,0
06/26/2014,Region 3,Middletown Office,F,N,07/01/2008,62,26,15,5,5,0,0,5,3,0,1,0,0,2
06/26/2014,Region 3,Middletown Office,F,Y,07/01/2008,5,1,1,0,0,0,0,1,2,0,0,0,0,0
06/26/2014,Region 3,Middletown Office,M,N,07/01/2008,76,17,10,4,17,2,3,9,8,0,1,1,0,4
06/26/2014,Region 3,Middletown Office,M,Y,07/01/2008,10,1,0,0,0,0,0,1,8,0,0,0,0,0
06/26/2014,Region 3,Norwich Office,F,N,07/01/2008,179,85,26,9,14,4,5,13,13,0,1,0,3,6
06/26/2014,Region 3,Norwich Office,F,Y,07/01/2008,19,3,4,0,1,0,0,0,11,0,0,0,0,0
06/26/2014,Region 3,Norwich Office,M,N,07/01/2008,219,86,39,11,24,15,3,14,14,0,4,1,1,7
06/26/2014,Region 3,Norwich Office,M,Y,07/01/2008,24,5,4,0,1,0,0,1,13,0,0,0,0,0
06/26/2014,Region 3,Willimantic Office,F,N,07/01/2008,130,50,19,21,12,4,2,8,7,0,1,0,1,5
06/26/2014,Region 3,Willimantic Office,F,Y,07/01/2008,6,0,1,0,0,0,0,0,4,0,0,0,1,0
06/26/2014,Region 3,Willimantic Office,M,N,07/01/2008,161,76,21,12,18,6,3,16,4,2,1,0,0,2
06/26/2014,Region 3,Willimantic Office,M,Y,07/01/2008,25,6,2,2,1,0,0,0,14,0,0,0,0,0
06/26/2014,Region 4,Hartford Office,F,N,07/01/2008,359,108,99,30,40,10,9,15,29,0,4,0,1,14
06/26/2014,Region 4,Hartford Office,F,Y,07/01/2008,24,4,2,0,2,0,0,1,15,0,0,0,0,0
06/26/2014,Region 4,Hartford Office,M,N,07/01/2008,424,140,80,22,67,14,3,37,36,4,7,5,5,4
06/26/2014,Region 4,Hartford Office,M,Y,07/01/2008,52,6,5,0,0,0,0,0,39,0,0,0,1,1
06/26/2014,Region 4,Manchester Office,F,N,07/01/2008,255,102,63,19,18,6,5,14,16,0,4,0,1,7
06/26/2014,Region 4,Manchester Office,F,Y,07/01/2008,16,3,6,0,0,0,0,0,7,0,0,0,0,0
06/26/2014,Region 4,Manchester Office,M,N,07/01/2008,259,89,60,12,31,12,6,26,12,1,3,1,0,6
06/26/2014,Region 4,Manchester Office,M,Y,07/01/2008,30,1,5,0,0,0,0,0,24,0,0,0,0,0
06/26/2014,Region 5,Danbury Office,F,N,07/01/2008,60,14,13,4,8,5,0,6,9,0,0,0,0,1
06/26/2014,Region 5,Danbury Office,F,Y,07/01/2008,7,2,2,0,0,0,0,0,2,0,0,0,1,0
06/26/2014,Region 5,Danbury Office,M,N,07/01/2008,67,23,8,5,10,4,1,8,2,0,2,3,0,1
06/26/2014,Region 5,Danbury Office,M,Y,07/01/2008,8,1,0,0,0,0,0,0,7,0,0,0,0,0
06/26/2014,Region 5,Torrington Office,F,N,07/01/2008,102,43,23,6,9,3,2,4,9,0,1,0,1,1
06/26/2014,Region 5,Torrington Office,F,Y,07/01/2008,11,5,1,0,0,0,0,0,5,0,0,0,0,0
06/26/2014,Region 5,Torrington Office,M,N,07/01/2008,99,41,12,4,11,2,0,12,12,0,3,0,1,1
06/26/2014,Region 5,Torrington Office,M,Y,07/01/2008,13,1,1,0,0,0,0,0,11,0,0,0,0,0
06/26/2014,Region 5,Waterbury Office,F,N,07/01/2008,291,138,54,14,34,4,2,19,15,0,6,0,1,4
06/26/2014,Region 5,Waterbury Office,F,Y,07/01/2008,13,2,8,0,1,0,0,0,2,0,0,0,0,0
06/26/2014,Region 5,Waterbury Office,M,N,07/01/2008,275,104,43,18,55,6,3,13,18,5,3,4,2,1
06/26/2014,Region 5,Waterbury Office,M,Y,07/01/2008,36,5,8,1,0,0,0,0,20,0,0,0,2,0
06/26/2014,Region 6,Meriden Office,F,N,07/01/2008,97,24,18,5,19,5,3,8,8,0,2,0,0,5
06/26/2014,Region 6,Meriden Office,F,Y,07/01/2008,6,1,1,0,0,0,0,0,4,0,0,0,0,0
06/26/2014,Region 6,Meriden Office,M,N,07/01/2008,115,27,14,4,41,5,4,8,9,2,0,0,0,1
06/26/2014,Region 6,Meriden Office,M,Y,07/01/2008,14,2,2,1,0,0,0,1,8,0,0,0,0,0
06/26/2014,Region 6,New Britain Office,F,N,07/01/2008,302,61,76,19,57,12,7,24,18,0,3,0,3,22
06/26/2014,Region 6,New Britain Office,F,Y,07/01/2008,12,0,4,0,0,0,0,0,8,0,0,0,0,0
06/26/2014,Region 6,New Britain Office,M,N,07/01/2008,286,75,79,22,45,7,4,26,12,3,1,4,1,7
06/26/2014,Region 6,New Britain Office,M,Y,07/01/2008,21,2,5,0,3,0,0,0,11,0,0,0,0,0
06/26/2014,Other,Aftercare,F,N,07/01/2009,1,0,0,0,0,0,0,0,1,0,0,0,0,0
06/26/2014,Other,Aftercare,M,Y,07/01/2009,9,0,0,0,0,0,0,0,9,0,0,0,0,0
06/26/2014,Other,Aftercare,M,N,07/01/2009,17,1,0,0,0,0,0,2,4,0,0,10,0,0
06/26/2014,Other,Gen'l Administration,M,N,07/01/2009,3,0,0,0,0,0,0,0,0,0,1,2,0,0
06/26/2014,Other,Gen'l Administration,M,Y,07/01/2009,1,0,0,0,0,0,0,0,1,0,0,0,0,0
06/26/2014,Other,Spec Invest. Unit,F,N,07/01/2009,1,0,0,0,0,0,0,1,0,0,0,0,0,0
06/26/2014,Other,Unassigned_Office,F,N,07/01/2009,19,2,0,0,0,0,0,2,14,0,0,1,0,0
06/26/2014,Other,Unassigned_Office,F,Y,07/01/2009,1,0,0,0,0,0,0,0,1,0,0,0,0,0
06/26/2014,Other,Unassigned_Office,M,N,07/01/2009,79,0,0,0,0,0,0,10,17,2,1,48,1,0
06/26/2014,Other,Unassigned_Office,M,Y,07/01/2009,23,0,0,0,0,0,0,0,23,0,0,0,0,0
06/26/2014,Region 1,Bridgeport Office,F,N,07/01/2009,158,67,21,9,13,7,6,15,10,0,3,0,1,6
06/26/2014,Region 1,Bridgeport Office,F,Y,07/01/2009,22,4,4,0,3,0,0,0,11,0,0,0,0,0
06/26/2014,Region 1,Bridgeport Office,M,N,07/01/2009,178,64,16,9,26,9,8,21,5,4,3,5,3,5
06/26/2014,Region 1,Bridgeport Office,M,Y,07/01/2009,13,2,5,0,0,0,0,0,6,0,0,0,0,0
06/26/2014,Region 1,Norwalk Office,F,N,07/01/2009,54,14,7,3,18,1,0,3,4,0,0,0,0,4
06/26/2014,Region 1,Norwalk Office,F,Y,07/01/2009,6,1,2,0,0,0,0,0,3,0,0,0,0,0
06/26/2014,Region 1,Norwalk Office,M,N,07/01/2009,75,27,8,4,16,2,2,5,3,3,2,1,2,0
06/26/2014,Region 1,Norwalk Office,M,Y,07/01/2009,4,0,1,0,0,0,0,0,3,0,0,0,0,0
06/26/2014,Region 1,Stamford Office,F,N,07/01/2009,22,9,2,0,5,1,0,3,0,0,0,0,1,1
06/26/2014,Region 1,Stamford Office,F,Y,07/01/2009,4,0,3,0,0,0,0,0,1,0,0,0,0,0
06/26/2014,Region 1,Stamford Office,M,N,07/01/2009,27,6,4,2,5,0,2,5,1,0,0,1,0,1
06/26/2014,Region 1,Stamford Office,M,Y,07/01/2009,1,1,0,0,0,0,0,0,0,0,0,0,0,0
06/26/2014,Region 2,Milford Office,F,N,07/01/2009,128,40,22,10,22,3,3,11,9,0,3,0,1,4
06/26/2014,Region 2,Milford Office,F,Y,07/01/2009,6,0,1,0,0,0,0,0,5,0,0,0,0,0
06/26/2014,Region 2,Milford Office,M,N,07/01/2009,134,26,11,10,36,5,6,24,5,4,1,0,3,3
06/26/2014,Region 2,Milford Office,M,Y,07/01/2009,20,0,4,0,0,0,0,1,15,0,0,0,0,0
06/26/2014,Region 2,New Haven Office,F,N,07/01/2009,244,72,33,8,75,4,2,16,8,0,5,0,2,19
06/26/2014,Region 2,New Haven Office,F,Y,07/01/2009,19,8,1,0,0,0,0,0,10,0,0,0,0,0
06/26/2014,Region 2,New Haven Office,M,N,07/01/2009,255,62,41,6,74,2,3,28,14,2,4,8,3,8
06/26/2014,Region 2,New Haven Office,M,Y,07/01/2009,27,5,4,0,0,0,0,1,17,0,0,0,0,0
06/26/2014,Region 3,Middletown Office,F,N,07/01/2009,46,19,5,3,5,1,1,6,3,0,2,0,0,1
06/26/2014,Region 3,Middletown Office,F,Y,07/01/2009,5,2,2,0,0,0,0,0,1,0,0,0,0,0
06/26/2014,Region 3,Middletown Office,M,N,07/01/2009,71,11,10,8,17,2,4,8,5,0,2,1,2,1
06/26/2014,Region 3,Middletown Office,M,Y,07/01/2009,14,2,0,0,1,0,0,0,11,0,0,0,0,0
06/26/2014,Region 3,Norwich Office,F,N,07/01/2009,218,90,47,14,24,2,4,16,12,0,2,0,1,6
06/26/2014,Region 3,Norwich Office,F,Y,07/01/2009,12,0,3,0,1,0,0,0,8,0,0,0,0,0
06/26/2014,Region 3,Norwich Office,M,N,07/01/2009,236,104,30,18,31,9,5,13,15,1,1,5,2,2
06/26/2014,Region 3,Norwich Office,M,Y,07/01/2009,26,4,3,0,0,0,0,1,18,0,0,0,0,0
06/26/2014,Region 3,Willimantic Office,F,N,07/01/2009,107,49,10,12,10,3,1,8,1,0,4,0,3,6
06/26/2014,Region 3,Willimantic Office,F,Y,07/01/2009,8,0,2,0,0,0,0,0,6,0,0,0,0,0
06/26/2014,Region 3,Willimantic Office,M,N,07/01/2009,159,67,20,9,16,9,3,16,10,2,3,0,2,2
06/26/2014,Region 3,Willimantic Office,M,Y,07/01/2009,27,8,1,1,1,0,0,0,16,0,0,0,0,0
06/26/2014,Region 4,Hartford Office,F,N,07/01/2009,334,97,76,20,40,16,6,27,23,0,7,0,0,22
06/26/2014,Region 4,Hartford Office,F,Y,07/01/2009,24,4,3,0,2,0,0,1,14,0,0,0,0,0
06/26/2014,Region 4,Hartford Office,M,N,07/01/2009,389,121,59,18,69,15,8,37,30,3,8,4,4,13
06/26/2014,Region 4,Hartford Office,M,Y,07/01/2009,49,3,3,0,1,0,0,1,40,0,0,0,0,1
06/26/2014,Region 4,Manchester Office,F,N,07/01/2009,212,77,50,12,20,5,6,18,14,0,4,0,1,5
06/26/2014,Region 4,Manchester Office,F,Y,07/01/2009,15,3,8,0,0,0,0,0,4,0,0,0,0,0
06/26/2014,Region 4,Manchester Office,M,N,07/01/2009,196,73,38,6,16,14,2,24,6,1,4,4,0,8
06/26/2014,Region 4,Manchester Office,M,Y,07/01/2009,24,1,7,0,0,0,0,0,16,0,0,0,0,0
06/26/2014,Region 5,Danbury Office,F,N,07/01/2009,68,18,12,5,8,5,2,9,6,0,2,0,0,1
06/26/2014,Region 5,Danbury Office,F,Y,07/01/2009,4,2,1,0,0,0,0,0,1,0,0,0,0,0
06/26/2014,Region 5,Danbury Office,M,N,07/01/2009,61,23,6,6,10,4,2,8,0,0,0,1,0,1
06/26/2014,Region 5,Danbury Office,M,Y,07/01/2009,10,0,0,0,0,0,0,0,10,0,0,0,0,0
06/26/2014,Region 5,Torrington Office,F,N,07/01/2009,112,55,24,3,10,1,1,7,7,0,2,0,1,1
06/26/2014,Region 5,Torrington Office,F,Y,07/01/2009,7,2,1,0,0,0,0,0,4,0,0,0,0,0
06/26/2014,Region 5,Torrington Office,M,N,07/01/2009,98,30,15,4,10,8,4,12,11,0,2,2,0,0
06/26/2014,Region 5,Torrington Office,M,Y,07/01/2009,10,2,0,0,0,0,0,0,8,0,0,0,0,0
06/26/2014,Region 5,Waterbury Office,F,N,07/01/2009,268,128,37,9,32,6,7,22,21,0,3,0,3,0
06/26/2014,Region 5,Waterbury Office,F,Y,07/01/2009,18,6,6,0,0,0,0,0,6,0,0,0,0,0
06/26/2014,Region 5,Waterbury Office,M,N,07/01/2009,258,94,44,11,48,8,4,22,11,3,4,4,1,4
06/26/2014,Region 5,Waterbury Office,M,Y,07/01/2009,42,8,5,1,1,0,0,0,26,0,0,0,1,0
06/26/2014,Region 6,Meriden Office,F,N,07/01/2009,88,21,16,3,21,0,2,8,10,0,1,0,0,6
06/26/2014,Region 6,Meriden Office,F,Y,07/01/2009,9,1,1,0,0,0,0,0,7,0,0,0,0,0
06/26/2014,Region 6,Meriden Office,M,N,07/01/2009,118,31,17,2,33,5,0,13,7,5,0,3,1,1
06/26/2014,Region 6,Meriden Office,M,Y,07/01/2009,8,1,1,0,0,0,0,0,6,0,0,0,0,0
06/26/2014,Region 6,New Britain Office,F,N,07/01/2009,246,59,44,17,64,5,1,27,10,0,2,0,1,16
06/26/2014,Region 6,New Britain Office,F,Y,07/01/2009,10,0,3,0,0,0,0,0,7,0,0,0,0,0
06/26/2014,Region 6,New Britain Office,M,N,07/01/2009,238,67,48,15,41,7,5,31,11,1,3,2,1,6
06/26/2014,Region 6,New Britain Office,M,Y,07/01/2009,23,3,5,0,3,0,0,0,12,0,0,0,0,0
06/26/2014,Other,Aftercare,F,N,07/01/2010,1,0,0,0,0,0,0,0,1,0,0,0,0,0
06/26/2014,Other,Aftercare,M,Y,07/01/2010,16,0,0,0,0,0,0,0,16,0,0,0,0,0
06/26/2014,Other,Aftercare,M,N,07/01/2010,38,0,0,0,0,0,0,5,11,0,0,22,0,0
06/26/2014,Other,Gen'l Administration,F,N,07/01/2010,1,0,0,0,0,0,0,0,1,0,0,0,0,0
06/26/2014,Other,Gen'l Administration,M,N,07/01/2010,18,0,0,0,0,0,0,2,5,0,0,11,0,0
06/26/2014,Other,Gen'l Administration,M,Y,07/01/2010,4,0,0,0,0,0,0,1,3,0,0,0,0,0
06/26/2014,Other,Spec Invest. Unit,F,N,07/01/2010,1,0,0,0,1,0,0,0,0,0,0,0,0,0
06/26/2014,Other,Treatment Services,F,N,07/01/2010,1,0,0,0,0,0,0,0,1,0,0,0,0,0
06/26/2014,Other,Unassigned_Office,F,N,07/01/2010,13,1,0,0,0,0,0,4,8,0,0,0,0,0
06/26/2014,Other,Unassigned_Office,F,Y,07/01/2010,2,0,1,0,0,0,0,0,1,0,0,0,0,0
06/26/2014,Other,Unassigned_Office,M,N,07/01/2010,54,1,1,0,0,0,0,8,14,0,1,29,0,0
06/26/2014,Other,Unassigned_Office,M,Y,07/01/2010,17,0,0,0,0,0,0,0,17,0,0,0,0,0
06/26/2014,Region 1,Bridgeport Office,F,N,07/01/2010,140,49,35,7,22,4,1,9,6,0,1,0,1,5
06/26/2014,Region 1,Bridgeport Office,F,Y,07/01/2010,19,1,5,0,0,0,0,0,13,0,0,0,0,0
06/26/2014,Region 1,Bridgeport Office,M,N,07/01/2010,158,50,21,4,33,1,6,24,7,0,3,5,1,3
06/26/2014,Region 1,Bridgeport Office,M,Y,07/01/2010,11,0,2,0,0,0,0,0,9,0,0,0,0,0
06/26/2014,Region 1,Norwalk Office,F,N,07/01/2010,38,12,2,2,11,0,0,4,2,0,1,0,1,3
06/26/2014,Region 1,Norwalk Office,F,Y,07/01/2010,6,1,2,0,0,0,0,0,3,0,0,0,0,0
06/26/2014,Region 1,Norwalk Office,M,N,07/01/2010,49,12,5,1,13,0,2,3,6,0,2,2,3,0
06/26/2014,Region 1,Norwalk Office,M,Y,07/01/2010,8,2,1,0,0,0,0,0,5,0,0,0,0,0
06/26/2014,Region 1,Stamford Office,F,N,07/01/2010,23,12,3,0,3,1,1,2,0,0,1,0,0,0
06/26/2014,Region 1,Stamford Office,F,Y,07/01/2010,1,0,0,0,0,0,0,0,1,0,0,0,0,0
06/26/2014,Region 1,Stamford Office,M,N,07/01/2010,17,5,2,1,3,0,2,2,0,0,0,0,1,1
06/26/2014,Region 1,Stamford Office,M,Y,07/01/2010,1,0,0,0,0,0,0,0,1,0,0,0,0,0
06/26/2014,Region 2,Milford Office,F,N,07/01/2010,111,31,20,4,21,0,4,17,6,0,2,0,0,6
06/26/2014,Region 2,Milford Office,F,Y,07/01/2010,6,0,2,0,0,0,0,0,4,0,0,0,0,0
06/26/2014,Region 2,Milford Office,M,N,07/01/2010,124,32,15,9,31,1,2,16,9,0,4,1,0,4
06/26/2014,Region 2,Milford Office,M,Y,07/01/2010,18,0,3,0,0,0,0,1,14,0,0,0,0,0
06/26/2014,Region 2,New Haven Office,F,N,07/01/2010,215,68,37,9,56,1,5,13,9,0,6,0,3,8
06/26/2014,Region 2,New Haven Office,F,Y,07/01/2010,15,5,3,0,0,0,0,0,6,0,0,0,1,0
06/26/2014,Region 2,New Haven Office,M,N,07/01/2010,210,59,23,4,57,7,6,24,16,0,2,8,1,3
06/26/2014,Region 2,New Haven Office,M,Y,07/01/2010,23,0,6,0,0,0,0,1,16,0,0,0,0,0
06/26/2014,Region 3,Middletown Office,F,N,07/01/2010,53,18,12,4,6,0,1,6,2,0,2,0,0,2
06/26/2014,Region 3,Middletown Office,F,Y,07/01/2010,4,0,2,0,0,0,0,0,2,0,0,0,0,0
06/26/2014,Region 3,Middletown Office,M,N,07/01/2010,73,16,12,8,13,3,3,10,5,0,1,1,0,1
06/26/2014,Region 3,Middletown Office,M,Y,07/01/2010,6,0,0,0,1,0,0,0,5,0,0,0,0,0
06/26/2014,Region 3,Norwich Office,F,N,07/01/2010,202,90,30,13,24,8,5,10,14,0,0,0,0,8
06/26/2014,Region 3,Norwich Office,F,Y,07/01/2010,11,0,7,0,1,0,0,0,3,0,0,0,0,0
06/26/2014,Region 3,Norwich Office,M,N,07/01/2010,228,104,21,14,35,11,2,10,17,0,1,7,1,5
06/26/2014,Region 3,Norwich Office,M,Y,07/01/2010,31,1,3,0,1,0,0,1,25,0,0,0,0,0
06/26/2014,Region 3,Willimantic Office,F,N,07/01/2010,96,43,8,13,14,4,1,4,3,0,3,0,0,3
06/26/2014,Region 3,Willimantic Office,F,Y,07/01/2010,12,0,1,0,0,0,0,0,11,0,0,0,0,0
06/26/2014,Region 3,Willimantic Office,M,N,07/01/2010,125,50,10,5,28,3,1,20,5,0,2,0,1,0
06/26/2014,Region 3,Willimantic Office,M,Y,07/01/2010,20,4,1,1,1,0,0,0,13,0,0,0,0,0
06/26/2014,Region 4,Hartford Office,F,N,07/01/2010,296,112,55,16,38,12,3,25,17,0,4,0,3,11
06/26/2014,Region 4,Hartford Office,F,Y,07/01/2010,23,3,2,0,2,0,0,0,16,0,0,0,0,0
06/26/2014,Region 4,Hartford Office,M,N,07/01/2010,386,143,51,15,60,17,3,49,21,0,3,6,7,11
06/26/2014,Region 4,Hartford Office,M,Y,07/01/2010,42,2,6,0,1,0,0,1,32,0,0,0,0,0
06/26/2014,Region 4,Manchester Office,F,N,07/01/2010,191,70,40,9,26,4,4,20,10,0,1,0,0,7
06/26/2014,Region 4,Manchester Office,F,Y,07/01/2010,10,4,0,0,0,0,0,0,6,0,0,0,0,0
06/26/2014,Region 4,Manchester Office,M,N,07/01/2010,171,61,29,6,27,6,5,15,9,0,2,2,2,7
06/26/2014,Region 4,Manchester Office,M,Y,07/01/2010,18,2,1,0,0,0,0,0,15,0,0,0,0,0
06/26/2014,Region 5,Danbury Office,F,N,07/01/2010,56,19,10,3,5,2,0,10,5,0,0,0,1,1
06/26/2014,Region 5,Danbury Office,F,Y,07/01/2010,3,1,0,0,0,0,0,0,2,0,0,0,0,0
06/26/2014,Region 5,Danbury Office,M,N,07/01/2010,52,17,7,5,11,2,2,5,2,0,0,0,0,1
06/26/2014,Region 5,Danbury Office,M,Y,07/01/2010,7,0,0,0,0,0,0,0,7,0,0,0,0,0
06/26/2014,Region 5,Torrington Office,F,N,07/01/2010,93,51,14,6,14,1,1,4,0,0,2,0,0,0
06/26/2014,Region 5,Torrington Office,F,Y,07/01/2010,6,0,1,0,0,0,0,0,5,0,0,0,0,0
06/26/2014,Region 5,Torrington Office,M,N,07/01/2010,86,27,7,3,21,9,0,14,4,0,1,0,0,0
06/26/2014,Region 5,Torrington Office,M,Y,07/01/2010,13,0,0,0,0,0,0,0,13,0,0,0,0,0
06/26/2014,Region 5,Waterbury Office,F,N,07/01/2010,210,94,31,8,29,5,3,21,12,0,2,0,4,1
06/26/2014,Region 5,Waterbury Office,F,Y,07/01/2010,18,3,7,0,0,0,0,0,8,0,0,0,0,0
06/26/2014,Region 5,Waterbury Office,M,N,07/01/2010,242,81,52,6,36,8,3,31,11,0,2,3,4,5
06/26/2014,Region 5,Waterbury Office,M,Y,07/01/2010,29,7,4,0,0,0,0,0,18,0,0,0,0,0
06/26/2014,Region 6,Meriden Office,F,N,07/01/2010,78,23,20,2,13,2,3,6,5,0,1,0,1,2
06/26/2014,Region 6,Meriden Office,F,Y,07/01/2010,7,1,1,0,0,0,0,0,5,0,0,0,0,0
06/26/2014,Region 6,Meriden Office,M,N,07/01/2010,113,32,12,1,33,3,1,16,9,0,0,2,1,3
06/26/2014,Region 6,Meriden Office,M,Y,07/01/2010,10,0,1,0,0,0,0,0,9,0,0,0,0,0
06/26/2014,Region 6,New Britain Office,F,N,07/01/2010,222,48,38,10,45,14,10,21,17,0,1,0,1,17
06/26/2014,Region 6,New Britain Office,F,Y,07/01/2010,15,2,3,0,0,0,0,0,10,0,0,0,0,0
06/26/2014,Region 6,New Britain Office,M,N,07/01/2010,221,62,43,10,49,8,5,23,5,0,4,2,3,7
06/26/2014,Region 6,New Britain Office,M,Y,07/01/2010,26,2,2,0,3,0,0,0,18,0,0,0,1,0
07/18/2017,Region 0,Aftercare,Female,N,07/01/2011,3,0,0,0,0,0,0,2,1,0,0,0,0,0
07/18/2017,Region 0,Aftercare,Male,N,07/01/2011,32,0,0,0,0,0,0,3,11,0,0,18,0,0
07/18/2017,Region 0,Aftercare,Male,Y,07/01/2011,8,0,0,0,0,0,0,0,8,0,0,0,0,0
07/18/2017,Region 0,Gen'l Administration,Female,N,07/01/2011,9,1,0,0,1,0,0,2,5,0,0,0,0,0
07/18/2017,Region 0,Gen'l Administration,Male,N,07/01/2011,55,0,0,0,0,0,0,3,17,0,0,35,0,0
07/18/2017,Region 0,Gen'l Administration,Male,Y,07/01/2011,8,0,0,0,0,0,0,1,7,0,0,0,0,0
07/18/2017,Region 0,Treatment Services,Female,N,07/01/2011,2,0,0,0,0,0,0,0,2,0,0,0,0,0
07/18/2017,Region 0,Unassigned_Office,Female,N,07/01/2011,10,0,0,0,0,0,0,5,5,0,0,0,0,0
07/18/2017,Region 0,Unassigned_Office,Female,Y,07/01/2011,2,0,1,0,0,0,0,0,1,0,0,0,0,0
07/18/2017,Region 0,Unassigned_Office,Male,N,07/01/2011,26,2,1,0,0,0,0,1,12,0,0,10,0,0
07/18/2017,Region 0,Unassigned_Office,Male,Y,07/01/2011,11,0,0,0,0,0,0,0,11,0,0,0,0,0
07/18/2017,Region 1,Bridgeport Office,Female,N,07/01/2011,131,40,31,10,21,3,6,9,7,0,1,0,0,3
07/18/2017,Region 1,Bridgeport Office,Female,Y,07/01/2011,22,1,8,0,0,0,0,0,13,0,0,0,0,0
07/18/2017,Region 1,Bridgeport Office,Male,N,07/01/2011,148,49,25,4,24,1,2,22,11,0,2,5,1,2
07/18/2017,Region 1,Bridgeport Office,Male,Y,07/01/2011,17,0,0,0,2,0,0,0,15,0,0,0,0,0
07/18/2017,Region 1,Norwalk Office,Female,N,07/01/2011,42,10,8,2,12,2,1,4,2,0,0,0,1,0
07/18/2017,Region 1,Norwalk Office,Female,Y,07/01/2011,3,0,1,0,0,0,0,0,2,0,0,0,0,0
07/18/2017,Region 1,Norwalk Office,Male,N,07/01/2011,39,11,3,4,10,1,1,2,5,0,1,1,0,0
07/18/2017,Region 1,Norwalk Office,Male,Y,07/01/2011,9,0,1,0,0,0,0,0,8,0,0,0,0,0
07/18/2017,Region 1,Stamford Office,Female,N,07/01/2011,13,7,2,1,1,0,0,1,0,0,0,0,1,0
07/18/2017,Region 1,Stamford Office,Female,Y,07/01/2011,2,0,1,0,0,0,0,0,1,0,0,0,0,0
07/18/2017,Region 1,Stamford Office,Male,N,07/01/2011,17,3,1,3,2,0,1,2,1,0,0,0,3,1
07/18/2017,Region 1,Stamford Office,Male,Y,07/01/2011,4,0,0,0,0,0,0,0,4,0,0,0,0,0
07/18/2017,Region 2,Milford Office,Female,N,07/01/2011,121,34,29,5,20,2,4,11,10,0,1,0,0,5
07/18/2017,Region 2,Milford Office,Female,Y,07/01/2011,6,2,0,0,0,0,0,0,4,0,0,0,0,0
07/18/2017,Region 2,Milford Office,Male,N,07/01/2011,127,24,21,9,29,3,0,20,11,0,4,1,1,4
07/18/2017,Region 2,Milford Office,Male,Y,07/01/2011,11,0,1,0,0,0,0,0,10,0,0,0,0,0
07/18/2017,Region 2,New Haven Office,Female,N,07/01/2011,215,70,32,1,52,8,7,15,15,0,5,0,0,10
07/18/2017,Region 2,New Haven Office,Female,Y,07/01/2011,14,5,3,0,0,0,0,0,6,0,0,0,0,0
07/18/2017,Region 2,New Haven Office,Male,N,07/01/2011,192,51,29,9,47,6,5,24,12,0,4,5,0,0
07/18/2017,Region 2,New Haven Office,Male,Y,07/01/2011,27,2,2,0,1,0,0,3,19,0,0,0,0,0
07/18/2017,Region 3,Middletown Office,Female,N,07/01/2011,56,20,15,1,10,0,1,2,5,0,0,0,0,2
07/18/2017,Region 3,Middletown Office,Female,Y,07/01/2011,1,0,1,0,0,0,0,0,0,0,0,0,0,0
07/18/2017,Region 3,Middletown Office,Male,N,07/01/2011,87,16,27,4,19,3,2,7,6,0,1,0,1,1
07/18/2017,Region 3,Middletown Office,Male,Y,07/01/2011,6,1,0,0,1,0,0,0,4,0,0,0,0,0
07/18/2017,Region 3,Norwich Office,Female,N,07/01/2011,173,75,32,10,29,1,2,8,7,0,3,0,1,5
07/18/2017,Region 3,Norwich Office,Female,Y,07/01/2011,17,0,11,0,1,0,0,0,5,0,0,0,0,0
07/18/2017,Region 3,Norwich Office,Male,N,07/01/2011,220,81,33,14,37,8,4,17,10,0,0,9,2,5
07/18/2017,Region 3,Norwich Office,Male,Y,07/01/2011,36,0,7,3,1,0,0,0,25,0,0,0,0,0
07/18/2017,Region 3,Willimantic Office,Female,N,07/01/2011,86,32,15,8,10,2,0,12,3,0,1,0,0,3
07/18/2017,Region 3,Willimantic Office,Female,Y,07/01/2011,12,2,1,0,0,0,0,0,9,0,0,0,0,0
07/18/2017,Region 3,Willimantic Office,Male,N,07/01/2011,117,40,17,2,29,1,5,19,2,0,1,1,0,0
07/18/2017,Region 3,Willimantic Office,Male,Y,07/01/2011,14,2,0,1,0,0,0,0,11,0,0,0,0,0
07/18/2017,Region 4,Hartford Office,Female,N,07/01/2011,314,128,71,18,42,2,1,21,11,0,3,0,3,14
07/18/2017,Region 4,Hartford Office,Female,Y,07/01/2011,14,2,3,0,0,0,0,0,9,0,0,0,0,0
07/18/2017,Region 4,Hartford Office,Male,N,07/01/2011,397,152,71,10,72,7,8,38,17,0,1,3,4,14
07/18/2017,Region 4,Hartford Office,Male,Y,07/01/2011,41,0,7,0,0,0,0,1,33,0,0,0,0,0
07/18/2017,Region 4,Manchester Office,Female,N,07/01/2011,150,43,40,7,29,0,4,14,5,0,1,0,0,7
07/18/2017,Region 4,Manchester Office,Female,Y,07/01/2011,14,2,5,0,0,0,0,0,7,0,0,0,0,0
07/18/2017,Region 4,Manchester Office,Male,N,07/01/2011,181,61,39,6,31,6,3,16,8,0,3,2,1,5
07/18/2017,Region 4,Manchester Office,Male,Y,07/01/2011,16,0,2,0,0,0,0,0,14,0,0,0,0,0
07/18/2017,Region 5,Danbury Office,Female,N,07/01/2011,51,17,14,1,3,1,1,10,4,0,0,0,0,0
07/18/2017,Region 5,Danbury Office,Female,Y,07/01/2011,6,1,1,0,0,0,0,0,4,0,0,0,0,0
07/18/2017,Region 5,Danbury Office,Male,N,07/01/2011,43,10,9,3,8,2,0,5,4,0,0,1,1,0
07/18/2017,Region 5,Danbury Office,Male,Y,07/01/2011,10,0,2,0,0,0,0,0,8,0,0,0,0,0
07/18/2017,Region 5,Torrington Office,Female,N,07/01/2011,89,41,16,2,11,5,2,6,5,0,0,0,1,0
07/18/2017,Region 5,Torrington Office,Female,Y,07/01/2011,5,0,3,0,0,0,0,0,2,0,0,0,0,0
07/18/2017,Region 5,Torrington Office,Male,N,07/01/2011,99,41,17,1,13,3,3,9,3,0,3,0,4,2
07/18/2017,Region 5,Torrington Office,Male,Y,07/01/2011,8,1,0,0,0,0,0,0,7,0,0,0,0,0
07/18/2017,Region 5,Waterbury Office,Female,N,07/01/2011,194,80,43,8,20,2,5,17,16,0,1,0,0,2
07/18/2017,Region 5,Waterbury Office,Female,Y,07/01/2011,18,3,5,0,0,0,0,1,8,0,0,0,1,0
07/18/2017,Region 5,Waterbury Office,Male,N,07/01/2011,217,75,51,6,33,1,3,25,13,0,0,5,1,4
07/18/2017,Region 5,Waterbury Office,Male,Y,07/01/2011,24,3,3,0,0,0,0,1,17,0,0,0,0,0
07/18/2017,Region 6,Meriden Office,Female,N,07/01/2011,90,31,19,6,16,1,3,9,3,0,1,0,0,1
07/18/2017,Region 6,Meriden Office,Female,Y,07/01/2011,4,1,0,0,0,0,0,0,3,0,0,0,0,0
07/18/2017,Region 6,Meriden Office,Male,N,07/01/2011,110,30,14,2,28,0,5,16,10,0,2,1,0,2
07/18/2017,Region 6,Meriden Office,Male,Y,07/01/2011,8,0,3,0,0,0,0,0,5,0,0,0,0,0
07/18/2017,Region 6,New Britain Office,Female,N,07/01/2011,222,47,51,11,54,2,6,26,18,0,0,0,1,6
07/18/2017,Region 6,New Britain Office,Female,Y,07/01/2011,11,2,0,0,0,0,0,0,9,0,0,0,0,0
07/18/2017,Region 6,New Britain Office,Male,N,07/01/2011,220,42,55,11,51,2,1,23,13,0,0,9,1,12
07/18/2017,Region 6,New Britain Office,Male,Y,07/01/2011,22,1,0,0,2,0,0,0,19,0,0,0,0,0
07/18/2017,Region 4,Manchester Office,Male,Y,07/01/2012,14,0,4,0,0,0,0,0,9,0,0,0,1,0
07/18/2017,Region 5,Danbury Office,Female,N,07/01/2012,47,17,15,2,6,2,0,3,2,0,0,0,0,0
07/18/2017,Region 5,Danbury Office,Female,Y,07/01/2012,3,0,1,0,0,0,0,0,2,0,0,0,0,0
07/18/2017,Region 5,Danbury Office,Male,N,07/01/2012,51,9,16,2,11,0,1,9,1,0,1,0,1,0
07/18/2017,Region 5,Danbury Office,Male,Y,07/01/2012,6,0,2,0,0,0,0,0,4,0,0,0,0,0
07/18/2017,Region 5,Torrington Office,Female,N,07/01/2012,97,40,22,6,13,1,2,6,4,0,0,0,2,1
07/18/2017,Region 5,Torrington Office,Female,Y,07/01/2012,1,0,0,0,0,0,0,0,1,0,0,0,0,0
07/18/2017,Region 5,Torrington Office,Male,N,07/01/2012,98,42,20,2,17,2,0,8,2,0,1,1,2,1
07/18/2017,Region 5,Torrington Office,Male,Y,07/01/2012,2,0,1,0,0,0,0,0,1,0,0,0,0,0
07/18/2017,Region 5,Waterbury Office,Female,N,07/01/2012,173,69,39,9,17,1,2,20,9,0,1,0,2,4
07/18/2017,Region 5,Waterbury Office,Female,Y,07/01/2012,8,2,4,0,0,0,0,0,2,0,0,0,0,0
07/18/2017,Region 5,Waterbury Office,Male,N,07/01/2012,209,86,42,5,32,2,2,17,9,0,3,6,0,5
07/18/2017,Region 5,Waterbury Office,Male,Y,07/01/2012,12,2,2,0,0,0,0,0,8,0,0,0,0,0
07/18/2017,Region 6,Meriden Office,Female,N,07/01/2012,75,21,18,5,18,0,0,7,1,0,2,0,0,3
07/18/2017,Region 6,Meriden Office,Female,Y,07/01/2012,3,1,1,0,0,0,0,0,1,0,0,0,0,0
07/18/2017,Region 6,Meriden Office,Male,N,07/01/2012,92,17,24,3,23,3,0,17,3,0,0,0,1,1
07/18/2017,Region 6,Meriden Office,Male,Y,07/01/2012,1,0,0,0,0,0,0,0,1,0,0,0,0,0
07/18/2017,Region 6,New Britain Office,Female,N,07/01/2012,204,45,39,13,52,1,0,27,10,0,1,1,2,13
07/18/2017,Region 6,New Britain Office,Female,Y,07/01/2012,6,1,3,0,0,0,0,0,2,0,0,0,0,0
07/18/2017,Region 6,New Britain Office,Male,N,07/01/2012,207,32,55,12,48,4,8,19,15,0,1,3,2,8
07/18/2017,Region 6,New Britain Office,Male,Y,07/01/2012,13,1,2,0,1,0,0,0,9,0,0,0,0,0
07/18/2017,Region 0,Gen'l Administration,Female,N,07/01/2012,8,1,0,0,1,0,0,4,2,0,0,0,0,0
07/18/2017,Region 0,Gen'l Administration,Female,Y,07/01/2012,1,0,0,0,0,0,0,0,1,0,0,0,0,0
07/18/2017,Region 0,Gen'l Administration,Male,N,07/01/2012,31,0,0,0,0,0,0,4,16,0,2,9,0,0
07/18/2017,Region 0,Gen'l Administration,Male,Y,07/01/2012,1,0,0,0,0,0,0,0,1,0,0,0,0,0
07/18/2017,Region 0,Unassigned_Office,Female,N,07/01/2012,3,0,1,0,1,0,0,1,0,0,0,0,0,0
07/18/2017,Region 0,Unassigned_Office,Male,N,07/01/2012,10,1,1,0,0,0,0,1,5,0,0,2,0,0
07/18/2017,Region 0,Unassigned_Office,Male,Y,07/01/2012,2,0,0,0,0,0,0,0,2,0,0,0,0,0
07/18/2017,Region 1,Bridgeport Office,Female,N,07/01/2012,143,42,31,12,21,0,5,12,11,0,1,0,1,7
07/18/2017,Region 1,Bridgeport Office,Female,Y,07/01/2012,10,0,8,0,0,0,0,0,2,0,0,0,0,0
07/18/2017,Region 1,Bridgeport Office,Male,N,07/01/2012,154,33,28,8,25,6,6,21,12,0,1,11,2,1
07/18/2017,Region 1,Bridgeport Office,Male,Y,07/01/2012,11,2,0,0,2,0,0,0,7,0,0,0,0,0
07/18/2017,Region 1,Norwalk Office,Female,N,07/01/2012,47,14,6,2,15,0,3,2,2,0,3,0,0,0
07/18/2017,Region 1,Norwalk Office,Female,Y,07/01/2012,4,0,3,0,0,0,0,0,1,0,0,0,0,0
07/18/2017,Region 1,Norwalk Office,Male,N,07/01/2012,50,8,8,3,15,0,1,6,4,0,3,0,2,0
07/18/2017,Region 1,Norwalk Office,Male,Y,07/01/2012,6,0,1,0,0,0,0,0,5,0,0,0,0,0
07/18/2017,Region 1,Stamford Office,Female,N,07/01/2012,6,3,1,0,1,0,0,0,1,0,0,0,0,0
07/18/2017,Region 1,Stamford Office,Female,Y,07/01/2012,3,0,2,0,1,0,0,0,0,0,0,0,0,0
07/18/2017,Region 1,Stamford Office,Male,N,07/01/2012,11,4,0,1,1,0,0,2,1,0,1,0,1,0
07/18/2017,Region 1,Stamford Office,Male,Y,07/01/2012,1,0,0,0,0,0,0,0,1,0,0,0,0,0
07/18/2017,Region 2,Milford Office,Female,N,07/01/2012,92,18,21,4,16,0,3,14,11,0,1,0,0,4
07/18/2017,Region 2,Milford Office,Female,Y,07/01/2012,5,0,2,0,0,0,0,0,3,0,0,0,0,0
07/18/2017,Region 2,Milford Office,Male,N,07/01/2012,111,16,27,6,26,1,4,17,9,0,3,0,0,2
07/18/2017,Region 2,Milford Office,Male,Y,07/01/2012,5,0,0,0,0,0,0,0,5,0,0,0,0,0
07/18/2017,Region 2,New Haven Office,Female,N,07/01/2012,196,48,45,12,42,1,6,13,15,0,2,0,2,10
07/18/2017,Region 2,New Haven Office,Female,Y,07/01/2012,10,4,2,0,0,0,0,0,4,0,0,0,0,0
07/18/2017,Region 2,New Haven Office,Male,N,07/01/2012,182,48,35,10,35,1,9,24,10,0,3,4,0,3
07/18/2017,Region 2,New Haven Office,Male,Y,07/01/2012,9,2,0,0,1,0,0,1,5,0,0,0,0,0
07/18/2017,Region 3,Middletown Office,Female,N,07/01/2012,70,20,20,7,12,0,2,1,5,0,2,0,0,1
07/18/2017,Region 3,Middletown Office,Female,Y,07/01/2012,3,1,2,0,0,0,0,0,0,0,0,0,0,0
07/18/2017,Region 3,Middletown Office,Male,N,07/01/2012,80,17,21,5,21,0,0,11,2,0,0,0,0,3
07/18/2017,Region 3,Middletown Office,Male,Y,07/01/2012,5,2,1,0,0,0,0,0,2,0,0,0,0,0
07/18/2017,Region 3,Norwich Office,Female,N,07/01/2012,156,55,29,12,25,5,3,7,12,0,1,0,1,6
07/18/2017,Region 3,Norwich Office,Female,Y,07/01/2012,18,1,12,0,1,0,0,0,3,0,0,0,1,0
07/18/2017,Region 3,Norwich Office,Male,N,07/01/2012,208,65,47,10,36,5,5,11,12,0,4,8,2,3
07/18/2017,Region 3,Norwich Office,Male,Y,07/01/2012,18,1,5,2,0,0,0,0,10,0,0,0,0,0
07/18/2017,Region 3,Willimantic Office,Female,N,07/01/2012,108,52,18,8,11,0,1,10,6,0,0,0,0,2
07/18/2017,Region 3,Willimantic Office,Female,Y,07/01/2012,8,1,4,0,0,0,0,1,2,0,0,0,0,0
07/18/2017,Region 3,Willimantic Office,Male,N,07/01/2012,125,49,22,2,24,1,0,18,5,0,4,0,0,0
07/18/2017,Region 3,Willimantic Office,Male,Y,07/01/2012,13,2,1,0,0,0,0,0,10,0,0,0,0,0
07/18/2017,Region 4,Hartford Office,Female,N,07/01/2012,318,102,84,18,47,5,9,20,14,0,2,0,2,15
07/18/2017,Region 4,Hartford Office,Female,Y,07/01/2012,6,0,3,0,0,0,0,0,3,0,0,0,0,0
07/18/2017,Region 4,Hartford Office,Male,N,07/01/2012,365,107,92,13,73,4,5,32,17,0,2,2,5,13
07/18/2017,Region 4,Hartford Office,Male,Y,07/01/2012,23,0,8,0,0,0,0,0,15,0,0,0,0,0
07/18/2017,Region 4,Manchester Office,Female,N,07/01/2012,136,44,29,11,23,2,3,9,3,0,2,0,0,10
07/18/2017,Region 4,Manchester Office,Female,Y,07/01/2012,7,2,2,0,0,0,0,0,3,0,0,0,0,0
07/18/2017,Region 4,Manchester Office,Male,N,07/01/2012,160,54,33,4,26,4,2,18,11,0,2,1,0,5
07/18/2017,Region 0,Gen'l Administration,Female,N,07/01/2013,3,1,0,0,1,0,0,0,1,0,0,0,0,0
07/18/2017,Region 0,Gen'l Administration,Male,N,07/01/2013,27,0,0,0,0,0,0,4,3,0,0,20,0,0
07/18/2017,Region 0,Unassigned_Office,Female,Y,07/01/2013,1,0,0,0,0,0,0,0,1,0,0,0,0,0
07/18/2017,Region 0,Unassigned_Office,Male,N,07/01/2013,2,0,0,0,0,0,0,1,1,0,0,0,0,0
07/18/2017,Region 1,Bridgeport Office,Female,N,07/01/2013,149,36,32,16,32,0,3,12,9,0,3,0,0,6
07/18/2017,Region 1,Bridgeport Office,Female,Y,07/01/2013,5,0,4,0,0,0,0,0,1,0,0,0,0,0
07/18/2017,Region 1,Bridgeport Office,Male,N,07/01/2013,154,34,23,7,22,0,6,26,8,0,1,19,3,5
07/18/2017,Region 1,Bridgeport Office,Male,Y,07/01/2013,3,1,0,0,1,0,0,0,1,0,0,0,0,0
07/18/2017,Region 1,Norwalk Office,Female,N,07/01/2013,42,13,4,1,17,0,0,6,0,0,1,0,0,0
07/18/2017,Region 1,Norwalk Office,Female,Y,07/01/2013,7,0,5,0,0,0,0,0,2,0,0,0,0,0
07/18/2017,Region 1,Norwalk Office,Male,N,07/01/2013,48,7,13,2,12,0,0,7,4,0,2,0,0,1
07/18/2017,Region 1,Norwalk Office,Male,Y,07/01/2013,4,0,2,0,1,0,0,0,1,0,0,0,0,0
07/18/2017,Region 1,Stamford Office,Female,N,07/01/2013,2,2,0,0,0,0,0,0,0,0,0,0,0,0
07/18/2017,Region 1,Stamford Office,Female,Y,07/01/2013,1,0,1,0,0,0,0,0,0,0,0,0,0,0
07/18/2017,Region 1,Stamford Office,Male,N,07/01/2013,7,4,0,0,2,0,1,0,0,0,0,0,0,0
07/18/2017,Region 2,Milford Office,Female,N,07/01/2013,92,28,16,7,14,1,3,10,5,0,1,1,0,6
07/18/2017,Region 2,Milford Office,Female,Y,07/01/2013,3,0,2,0,0,0,0,0,1,0,0,0,0,0
07/18/2017,Region 2,Milford Office,Male,N,07/01/2013,111,26,17,8,20,0,3,21,7,0,1,1,3,4
07/18/2017,Region 2,New Haven Office,Female,N,07/01/2013,193,57,40,6,47,1,5,17,8,0,0,0,0,12
07/18/2017,Region 2,New Haven Office,Female,Y,07/01/2013,4,1,0,0,0,0,0,0,3,0,0,0,0,0
07/18/2017,Region 2,New Haven Office,Male,N,07/01/2013,169,41,31,11,39,0,3,17,8,0,3,10,3,3
07/18/2017,Region 2,New Haven Office,Male,Y,07/01/2013,7,2,2,0,2,0,0,0,1,0,0,0,0,0
07/18/2017,Region 3,Middletown Office,Female,N,07/01/2013,61,15,14,7,15,1,3,3,2,0,0,0,0,1
07/18/2017,Region 3,Middletown Office,Female,Y,07/01/2013,2,1,1,0,0,0,0,0,0,0,0,0,0,0
07/18/2017,Region 3,Middletown Office,Male,N,07/01/2013,67,11,21,1,21,0,1,6,0,0,1,1,0,4
07/18/2017,Region 3,Middletown Office,Male,Y,07/01/2013,3,1,2,0,0,0,0,0,0,0,0,0,0,0
07/18/2017,Region 3,Norwich Office,Female,N,07/01/2013,139,48,33,9,20,5,3,6,7,0,2,0,0,6
07/18/2017,Region 3,Norwich Office,Female,Y,07/01/2013,11,4,4,0,1,0,0,0,2,0,0,0,0,0
07/18/2017,Region 3,Norwich Office,Male,N,07/01/2013,192,49,40,12,32,4,6,17,12,0,2,15,0,3
07/18/2017,Region 3,Norwich Office,Male,Y,07/01/2013,13,3,5,0,0,0,0,0,5,0,0,0,0,0
07/18/2017,Region 3,Willimantic Office,Female,N,07/01/2013,104,54,20,6,12,0,0,7,2,0,2,0,0,1
07/18/2017,Region 3,Willimantic Office,Female,Y,07/01/2013,6,0,5,0,0,0,0,0,1,0,0,0,0,0
07/18/2017,Region 3,Willimantic Office,Male,N,07/01/2013,123,40,29,8,20,1,2,20,2,0,1,0,0,0
07/18/2017,Region 3,Willimantic Office,Male,Y,07/01/2013,10,3,2,0,0,0,0,0,5,0,0,0,0,0
07/18/2017,Region 4,Hartford Office,Female,N,07/01/2013,340,103,111,12,37,3,7,25,19,0,0,0,1,22
07/18/2017,Region 4,Hartford Office,Female,Y,07/01/2013,5,3,2,0,0,0,0,0,0,0,0,0,0,0
07/18/2017,Region 4,Hartford Office,Male,N,07/01/2013,365,105,101,15,52,6,6,31,14,0,4,16,3,12
07/18/2017,Region 4,Hartford Office,Male,Y,07/01/2013,12,1,6,0,1,0,0,0,3,0,0,0,1,0
07/18/2017,Region 4,Manchester Office,Female,N,07/01/2013,114,28,33,9,13,1,1,10,6,0,2,0,1,10
07/18/2017,Region 4,Manchester Office,Female,Y,07/01/2013,6,0,5,0,0,0,0,0,1,0,0,0,0,0
07/18/2017,Region 4,Manchester Office,Male,N,07/01/2013,136,40,30,4,22,2,5,11,13,0,1,0,0,8
07/18/2017,Region 4,Manchester Office,Male,Y,07/01/2013,5,0,1,0,0,0,0,0,4,0,0,0,0,0
07/18/2017,Region 5,Danbury Office,Female,N,07/01/2013,46,15,13,3,6,1,0,2,1,0,0,0,0,5
07/18/2017,Region 5,Danbury Office,Female,Y,07/01/2013,1,0,0,0,0,0,0,0,1,0,0,0,0,0
07/18/2017,Region 5,Danbury Office,Male,N,07/01/2013,54,23,12,2,9,0,1,4,2,0,0,0,1,0
07/18/2017,Region 5,Danbury Office,Male,Y,07/01/2013,1,0,0,0,0,0,0,0,1,0,0,0,0,0
07/18/2017,Region 5,Torrington Office,Female,N,07/01/2013,87,32,15,8,17,1,3,6,3,0,0,0,1,1
07/18/2017,Region 5,Torrington Office,Female,Y,07/01/2013,2,0,0,0,0,0,0,0,2,0,0,0,0,0
07/18/2017,Region 5,Torrington Office,Male,N,07/01/2013,91,37,13,7,19,4,0,6,2,0,1,0,0,2
07/18/2017,Region 5,Torrington Office,Male,Y,07/01/2013,1,0,1,0,0,0,0,0,0,0,0,0,0,0
07/18/2017,Region 5,Waterbury Office,Female,N,07/01/2013,166,51,41,11,27,0,3,22,8,0,0,0,1,2
07/18/2017,Region 5,Waterbury Office,Female,Y,07/01/2013,3,2,1,0,0,0,0,0,0,0,0,0,0,0
07/18/2017,Region 5,Waterbury Office,Male,N,07/01/2013,215,65,52,8,26,2,1,26,9,0,5,17,1,3
07/18/2017,Region 5,Waterbury Office,Male,Y,07/01/2013,7,0,4,0,0,0,0,0,3,0,0,0,0,0
07/18/2017,Region 6,Meriden Office,Female,N,07/01/2013,75,25,17,4,15,1,1,3,4,0,0,0,0,5
07/18/2017,Region 6,Meriden Office,Female,Y,07/01/2013,2,1,1,0,0,0,0,0,0,0,0,0,0,0
07/18/2017,Region 6,Meriden Office,Male,N,07/01/2013,86,13,23,7,21,0,3,14,1,0,0,1,1,2
07/18/2017,Region 6,Meriden Office,Male,Y,07/01/2013,3,1,2,0,0,0,0,0,0,0,0,0,0,0
07/18/2017,Region 6,New Britain Office,Female,N,07/01/2013,191,38,35,17,43,2,7,17,9,0,5,0,1,17
07/18/2017,Region 6,New Britain Office,Female,Y,07/01/2013,5,0,4,0,0,0,0,0,1,0,0,0,0,0
07/18/2017,Region 6,New Britain Office,Male,N,07/01/2013,176,27,32,7,43,1,5,24,11,0,2,10,0,14
07/18/2017,Region 6,New Britain Office,Male,Y,07/01/2013,7,1,3,0,1,0,0,0,2,0,0,0,0,0
07/18/2017,Region 0,Gen'l Administration,Female,N,07/01/2014,1,0,0,0,1,0,0,0,0,0,0,0,0,0
07/18/2017,Region 0,Gen'l Administration,Male,N,07/01/2014,4,0,0,0,0,0,0,2,0,0,0,2,0,0
07/18/2017,Region 0,Unassigned_Office,Female,N,07/01/2014,1,0,1,0,0,0,0,0,0,0,0,0,0,0
07/18/2017,Region 0,Unassigned_Office,Male,N,07/01/2014,2,0,0,0,0,0,0,0,0,0,1,1,0,0
07/18/2017,Region 1,Bridgeport Office,Female,N,07/01/2014,142,32,37,13,34,0,4,9,4,0,0,4,0,5
07/18/2017,Region 1,Bridgeport Office,Female,Y,07/01/2014,3,0,1,0,0,0,0,0,2,0,0,0,0,0
07/18/2017,Region 1,Bridgeport Office,Male,N,07/01/2014,191,43,33,12,20,0,5,23,10,0,1,37,4,3
07/18/2017,Region 1,Bridgeport Office,Male,Y,07/01/2014,3,1,1,0,0,0,0,0,1,0,0,0,0,0
07/18/2017,Region 1,Norwalk Office,Female,N,07/01/2014,61,20,18,5,7,0,1,6,2,0,1,0,0,1
07/18/2017,Region 1,Norwalk Office,Female,Y,07/01/2014,3,0,2,0,0,0,0,0,1,0,0,0,0,0
07/18/2017,Region 1,Norwalk Office,Male,N,07/01/2014,66,17,17,4,13,0,0,9,4,0,0,1,1,0
07/18/2017,Region 1,Norwalk Office,Male,Y,07/01/2014,4,0,1,0,1,0,0,0,2,0,0,0,0,0
07/18/2017,Region 2,Milford Office,Female,N,07/01/2014,100,34,16,7,19,1,0,10,5,0,3,1,0,4
07/18/2017,Region 2,Milford Office,Female,Y,07/01/2014,4,0,3,1,0,0,0,0,0,0,0,0,0,0
07/18/2017,Region 2,Milford Office,Male,N,07/01/2014,119,34,23,9,22,1,1,15,8,0,0,2,0,4
07/18/2017,Region 2,Milford Office,Male,Y,07/01/2014,5,3,1,0,1,0,0,0,0,0,0,0,0,0
07/18/2017,Region 2,New Haven Office,Female,N,07/01/2014,186,59,35,8,48,1,2,19,3,0,1,2,0,8
07/18/2017,Region 2,New Haven Office,Female,Y,07/01/2014,2,0,1,0,0,0,0,0,1,0,0,0,0,0
07/18/2017,Region 2,New Haven Office,Male,N,07/01/2014,169,40,24,9,39,2,1,17,10,0,0,24,0,3
07/18/2017,Region 2,New Haven Office,Male,Y,07/01/2014,2,0,1,0,0,0,0,0,1,0,0,0,0,0
07/18/2017,Region 3,Middletown Office,Female,N,07/01/2014,60,17,14,7,15,1,0,2,2,0,0,0,0,2
07/18/2017,Region 3,Middletown Office,Male,N,07/01/2014,57,9,16,2,16,0,1,7,2,0,0,1,0,3
07/18/2017,Region 3,Middletown Office,Male,Y,07/01/2014,3,2,1,0,0,0,0,0,0,0,0,0,0,0
07/18/2017,Region 3,Norwich Office,Female,N,07/01/2014,177,52,64,17,20,1,2,6,5,0,1,0,0,9
07/18/2017,Region 3,Norwich Office,Female,Y,07/01/2014,7,0,6,0,0,0,0,0,1,0,0,0,0,0
07/18/2017,Region 3,Norwich Office,Male,N,07/01/2014,238,70,75,7,32,2,5,20,13,0,0,7,0,7
07/18/2017,Region 3,Norwich Office,Male,Y,07/01/2014,11,0,8,0,0,0,0,0,3,0,0,0,0,0
07/18/2017,Region 3,Willimantic Office,Female,N,07/01/2014,123,47,32,15,16,1,0,8,1,0,2,0,0,1
07/18/2017,Region 3,Willimantic Office,Female,Y,07/01/2014,4,1,3,0,0,0,0,0,0,0,0,0,0,0
07/18/2017,Region 3,Willimantic Office,Male,N,07/01/2014,138,43,41,11,17,1,1,15,6,0,2,0,1,0
07/18/2017,Region 3,Willimantic Office,Male,Y,07/01/2014,3,2,0,0,0,0,0,0,0,0,0,0,1,0
07/18/2017,Region 4,Hartford Office,Female,N,07/01/2014,311,88,112,17,43,3,1,24,10,0,2,0,1,10
07/18/2017,Region 4,Hartford Office,Female,Y,07/01/2014,10,5,5,0,0,0,0,0,0,0,0,0,0,0
07/18/2017,Region 4,Hartford Office,Male,N,07/01/2014,345,85,99,21,48,1,5,29,8,0,3,29,3,14
07/18/2017,Region 4,Hartford Office,Male,Y,07/01/2014,7,0,3,0,1,0,0,0,3,0,0,0,0,0
07/18/2017,Region 4,Manchester Office,Female,N,07/01/2014,116,38,39,5,13,2,0,7,3,0,2,0,1,6
07/18/2017,Region 4,Manchester Office,Female,Y,07/01/2014,1,0,1,0,0,0,0,0,0,0,0,0,0,0
07/18/2017,Region 4,Manchester Office,Male,N,07/01/2014,156,40,61,8,20,1,0,10,6,0,4,0,1,5
07/18/2017,Region 4,Manchester Office,Male,Y,07/01/2014,6,1,2,0,0,0,0,0,2,0,0,0,1,0
07/18/2017,Region 5,Danbury Office,Female,N,07/01/2014,61,20,16,7,10,1,1,2,1,0,0,0,0,3
07/18/2017,Region 5,Danbury Office,Female,Y,07/01/2014,4,1,2,0,0,0,0,0,1,0,0,0,0,0
07/18/2017,Region 5,Danbury Office,Male,N,07/01/2014,70,23,23,4,14,0,1,2,1,0,0,0,2,0
07/18/2017,Region 5,Danbury Office,Male,Y,07/01/2014,2,1,1,0,0,0,0,0,0,0,0,0,0,0
07/18/2017,Region 5,Torrington Office,Female,N,07/01/2014,87,30,18,3,18,2,2,9,3,0,0,0,1,1
07/18/2017,Region 5,Torrington Office,Male,N,07/01/2014,75,22,15,4,19,1,3,6,0,0,1,0,0,4
07/18/2017,Region 5,Torrington Office,Male,Y,07/01/2014,1,0,1,0,0,0,0,0,0,0,0,0,0,0
07/18/2017,Region 5,Waterbury Office,Female,N,07/01/2014,182,57,51,7,38,0,1,18,6,0,1,0,1,2
07/18/2017,Region 5,Waterbury Office,Female,Y,07/01/2014,2,0,2,0,0,0,0,0,0,0,0,0,0,0
07/18/2017,Region 5,Waterbury Office,Male,N,07/01/2014,219,71,59,16,31,1,0,18,6,0,0,13,1,3
07/18/2017,Region 5,Waterbury Office,Male,Y,07/01/2014,3,0,3,0,0,0,0,0,0,0,0,0,0,0
07/18/2017,Region 6,Meriden Office,Female,N,07/01/2014,77,21,25,8,15,1,2,2,2,0,0,0,0,1
07/18/2017,Region 6,Meriden Office,Female,Y,07/01/2014,2,0,2,0,0,0,0,0,0,0,0,0,0,0
07/18/2017,Region 6,Meriden Office,Male,N,07/01/2014,85,21,25,7,14,1,3,11,1,0,0,0,1,1
07/18/2017,Region 6,Meriden Office,Male,Y,07/01/2014,1,1,0,0,0,0,0,0,0,0,0,0,0,0
07/18/2017,Region 6,New Britain Office,Female,N,07/01/2014,203,62,41,14,40,1,3,14,11,0,4,0,1,12
07/18/2017,Region 6,New Britain Office,Female,Y,07/01/2014,2,0,2,0,0,0,0,0,0,0,0,0,0,0
07/18/2017,Region 6,New Britain Office,Male,N,07/01/2014,171,37,41,5,30,0,3,19,8,0,4,15,0,9
07/18/2017,Region 6,New Britain Office,Male,Y,07/01/2014,9,0,4,0,3,0,0,0,2,0,0,0,0,0
07/18/2017,Region 4,Manchester Office,Male,N,07/01/2015,147,37,54,18,16,0,1,12,3,0,1,0,2,3
07/18/2017,Region 4,Manchester Office,Male,Y,07/01/2015,4,1,2,0,0,0,0,0,1,0,0,0,0,0
07/18/2017,Region 5,Danbury Office,Female,N,07/01/2015,81,29,29,7,8,1,0,0,1,0,1,0,0,5
07/18/2017,Region 5,Danbury Office,Female,Y,07/01/2015,3,2,1,0,0,0,0,0,0,0,0,0,0,0
07/18/2017,Region 5,Danbury Office,Male,N,07/01/2015,78,25,28,7,12,0,0,2,0,0,0,1,0,3
07/18/2017,Region 5,Danbury Office,Male,Y,07/01/2015,4,3,1,0,0,0,0,0,0,0,0,0,0,0
07/18/2017,Region 5,Torrington Office,Female,N,07/01/2015,66,15,16,6,21,0,0,4,1,0,1,0,1,1
07/18/2017,Region 5,Torrington Office,Male,N,07/01/2015,66,19,15,5,17,0,0,4,2,0,1,0,0,3
07/18/2017,Region 5,Waterbury Office,Female,N,07/01/2015,194,60,61,12,41,0,0,13,4,0,0,0,0,3
07/18/2017,Region 5,Waterbury Office,Female,Y,07/01/2015,2,0,2,0,0,0,0,0,0,0,0,0,0,0
07/18/2017,Region 5,Waterbury Office,Male,N,07/01/2015,226,84,63,13,39,1,2,4,10,0,1,7,0,2
07/18/2017,Region 5,Waterbury Office,Male,Y,07/01/2015,3,1,1,0,0,0,0,0,1,0,0,0,0,0
07/18/2017,Region 6,Meriden Office,Female,N,07/01/2015,77,24,27,6,9,0,2,1,2,0,1,0,1,4
07/18/2017,Region 6,Meriden Office,Female,Y,07/01/2015,1,0,0,0,0,0,0,0,0,0,0,0,0,1
07/18/2017,Region 6,Meriden Office,Male,N,07/01/2015,86,23,26,4,13,0,1,9,4,0,0,1,0,5
07/18/2017,Region 6,Meriden Office,Male,Y,07/01/2015,4,0,0,0,0,0,0,0,0,0,0,0,0,4
07/18/2017,Region 1,Bridgeport Office,Male,N,07/01/2015,176,43,47,9,20,0,0,15,6,0,3,20,1,12
07/18/2017,Region 1,Bridgeport Office,Male,Y,07/01/2015,4,0,2,0,0,0,0,0,0,0,0,0,0,2
07/18/2017,Region 1,Norwalk Office,Female,N,07/01/2015,58,18,18,5,12,0,0,1,2,0,0,0,0,2
07/18/2017,Region 1,Norwalk Office,Female,Y,07/01/2015,3,0,2,0,1,0,0,0,0,0,0,0,0,0
07/18/2017,Region 1,Norwalk Office,Male,N,07/01/2015,64,19,17,8,8,0,0,4,3,0,1,1,0,3
07/18/2017,Region 1,Norwalk Office,Male,Y,07/01/2015,3,0,1,0,1,0,0,0,1,0,0,0,0,0
07/18/2017,Region 2,Milford Office,Female,N,07/01/2015,112,43,17,10,20,0,0,7,4,0,2,0,1,8
07/18/2017,Region 2,Milford Office,Female,Y,07/01/2015,4,0,0,0,0,0,0,0,0,0,0,0,0,4
07/18/2017,Region 2,Milford Office,Male,N,07/01/2015,125,33,26,11,20,1,2,12,7,0,3,0,1,9
07/18/2017,Region 2,Milford Office,Male,Y,07/01/2015,3,0,2,0,1,0,0,0,0,0,0,0,0,0
07/18/2017,Region 2,New Haven Office,Female,N,07/01/2015,179,49,37,15,38,0,0,14,4,0,1,0,0,21
07/18/2017,Region 2,New Haven Office,Female,Y,07/01/2015,8,0,7,0,0,0,0,0,0,0,0,0,0,1
07/18/2017,Region 2,New Haven Office,Male,N,07/01/2015,150,27,22,6,39,1,0,13,7,0,0,17,1,17
07/18/2017,Region 2,New Haven Office,Male,Y,07/01/2015,4,0,3,0,1,0,0,0,0,0,0,0,0,0
07/18/2017,Region 3,Middletown Office,Female,N,07/01/2015,62,10,19,6,16,0,0,3,3,0,2,0,0,3
07/18/2017,Region 3,Middletown Office,Female,Y,07/01/2015,1,0,0,0,0,0,0,0,0,0,0,0,0,1
07/18/2017,Region 3,Middletown Office,Male,N,07/01/2015,59,13,18,2,15,0,0,5,0,0,0,1,0,5
07/18/2017,Region 3,Middletown Office,Male,Y,07/01/2015,3,1,1,0,0,0,0,0,0,0,0,0,0,1
07/18/2017,Region 3,Norwich Office,Female,N,07/01/2015,179,51,65,15,19,1,5,9,5,0,2,0,1,6
07/18/2017,Region 3,Norwich Office,Female,Y,07/01/2015,5,0,4,0,0,0,0,0,1,0,0,0,0,0
07/18/2017,Region 3,Norwich Office,Male,N,07/01/2015,228,68,73,15,26,0,2,18,10,0,1,6,2,7
07/18/2017,Region 3,Norwich Office,Male,Y,07/01/2015,14,1,11,0,0,0,0,0,1,0,0,0,1,0
07/18/2017,Region 3,Willimantic Office,Female,N,07/01/2015,137,57,37,14,17,0,2,6,1,0,0,0,0,3
07/18/2017,Region 3,Willimantic Office,Female,Y,07/01/2015,2,0,2,0,0,0,0,0,0,0,0,0,0,0
07/18/2017,Region 3,Willimantic Office,Male,N,07/01/2015,138,49,47,5,15,1,1,12,8,0,0,0,0,0
07/18/2017,Region 3,Willimantic Office,Male,Y,07/01/2015,6,2,3,0,0,0,0,0,1,0,0,0,0,0
07/18/2017,Region 4,Hartford Office,Female,N,07/01/2015,251,69,89,16,39,0,5,18,6,0,2,1,0,6
07/18/2017,Region 4,Hartford Office,Female,Y,07/01/2015,7,3,4,0,0,0,0,0,0,0,0,0,0,0
07/18/2017,Region 4,Hartford Office,Male,N,07/01/2015,300,70,89,21,43,0,13,25,7,0,1,9,4,18
07/18/2017,Region 4,Hartford Office,Male,Y,07/01/2015,5,1,2,0,1,0,0,0,1,0,0,0,0,0
07/18/2017,Region 4,Manchester Office,Female,N,07/01/2015,124,44,40,3,15,0,5,5,2,0,4,0,2,4
07/18/2017,Region 4,Manchester Office,Female,Y,07/01/2015,2,0,2,0,0,0,0,0,0,0,0,0,0,0
07/18/2017,Region 6,New Britain Office,Female,N,07/01/2015,198,65,41,12,41,0,1,15,6,0,2,0,1,14
07/18/2017,Region 6,New Britain Office,Female,Y,07/01/2015,3,1,2,0,0,0,0,0,0,0,0,0,0,0
07/18/2017,Region 6,New Britain Office,Male,N,07/01/2015,186,40,42,11,40,0,2,20,10,0,0,10,1,10
07/18/2017,Region 6,New Britain Office,Male,Y,07/01/2015,2,0,1,0,1,0,0,0,0,0,0,0,0,0
07/18/2017,Region 0,Hotline,Male,N,07/01/2015,1,1,0,0,0,0,0,0,0,0,0,0,0,0
07/18/2017,Region 0,Unassigned_Office,Female,N,07/01/2015,2,0,1,0,0,0,0,0,1,0,0,0,0,0
07/18/2017,Region 0,Unassigned_Office,Female,Y,07/01/2015,1,0,0,0,0,0,0,0,1,0,0,0,0,0
07/18/2017,Region 0,Unassigned_Office,Male,N,07/01/2015,4,0,0,0,0,0,0,1,0,0,0,2,0,1
07/18/2017,Region 1,Bridgeport Office,Female,N,07/01/2015,123,34,28,8,34,0,0,5,4,0,1,2,0,7
07/18/2017,Region 1,Bridgeport Office,Female,Y,07/01/2015,8,0,5,0,0,0,0,0,1,0,0,0,0,2
07/18/2017,Region 6,New Britain Office,Female,Y,07/01/2016,1,1,0,0,0,0,0,0,0,0,0,0,0,0
07/18/2017,Region 4,Manchester Office,Female,Y,07/01/2016,4,0,3,0,1,0,0,0,0,0,0,0,0,0
07/18/2017,Region 5,Danbury Office,Female,Y,07/01/2016,2,0,2,0,0,0,0,0,0,0,0,0,0,0
07/18/2017,Region 6,Meriden Office,Female,Y,07/01/2016,3,1,1,0,0,0,0,0,0,0,0,0,0,1
07/18/2017,Region 3,Norwich Office,Male,Y,07/01/2016,11,0,6,1,0,0,0,0,3,0,0,0,1,0
07/18/2017,Region 2,New Haven Office,Female,Y,07/01/2016,5,1,3,0,1,0,0,0,0,0,0,0,0,0
07/18/2017,Region 1,Norwalk Office,Female,N,07/01/2016,96,34,33,8,19,0,0,0,0,0,0,0,0,2
07/18/2017,Region 5,Waterbury Office,Male,N,07/01/2016,262,75,84,17,52,0,2,11,7,0,1,8,1,4
07/18/2017,Region 6,Meriden Office,Male,Y,07/01/2016,3,0,0,0,0,0,0,0,0,0,0,0,0,3
07/18/2017,Region 1,Norwalk Office,Male,N,07/01/2016,86,24,30,11,13,0,1,3,1,0,0,0,0,3
07/18/2017,Region 4,Manchester Office,Female,N,07/01/2016,131,36,47,9,16,0,2,6,5,0,2,0,1,7
07/18/2017,Region 0,Unassigned_Office,Female,Y,07/01/2016,1,0,0,0,0,0,0,0,1,0,0,0,0,0
07/18/2017,Region 4,Manchester Office,Male,Y,07/01/2016,3,0,3,0,0,0,0,0,0,0,0,0,0,0
07/18/2017,Region 3,Middletown Office,Female,Y,07/01/2016,1,0,1,0,0,0,0,0,0,0,0,0,0,0
07/18/2017,Region 3,Norwich Office,Female,Y,07/01/2016,6,0,4,1,0,0,0,0,1,0,0,0,0,0
07/18/2017,Region 2,New Haven Office,Male,N,07/01/2016,142,28,37,4,32,1,0,13,8,0,1,7,0,11
07/18/2017,Region 2,Milford Office,Male,Y,07/01/2016,4,0,4,0,0,0,0,0,0,0,0,0,0,0
07/18/2017,Region 6,New Britain Office,Female,N,07/01/2016,201,49,58,13,41,0,1,11,5,0,2,0,2,19
07/18/2017,Region 4,Hartford Office,Male,N,07/01/2016,292,64,99,23,40,0,7,23,10,0,1,6,2,17
07/18/2017,Region 2,Milford Office,Female,N,07/01/2016,132,38,41,8,25,1,0,6,3,0,3,0,1,6
07/18/2017,Region 6,Meriden Office,Male,N,07/01/2016,76,22,22,4,13,0,0,8,4,0,0,0,1,2
07/18/2017,Region 5,Waterbury Office,Female,N,07/01/2016,224,76,69,25,41,2,2,4,3,0,0,0,0,2
07/18/2017,Region 5,Danbury Office,Male,Y,07/01/2016,2,0,2,0,0,0,0,0,0,0,0,0,0,0
07/18/2017,Region 3,Willimantic Office,Female,N,07/01/2016,159,64,55,11,14,0,1,4,2,0,0,0,0,8
07/18/2017,Region 2,Milford Office,Male,N,07/01/2016,141,32,46,11,24,1,2,10,5,0,0,0,1,9
07/18/2017,Region 4,Manchester Office,Male,N,07/01/2016,167,50,55,17,22,0,3,10,4,0,4,0,1,1
07/18/2017,Region 4,Hartford Office,Male,Y,07/01/2016,9,2,4,0,1,0,0,0,2,0,0,0,0,0
07/18/2017,Region 3,Willimantic Office,Female,Y,07/01/2016,2,0,2,0,0,0,0,0,0,0,0,0,0,0
07/18/2017,Region 5,Danbury Office,Female,N,07/01/2016,92,34,38,8,8,0,0,1,0,0,0,0,0,3
07/18/2017,Region 5,Waterbury Office,Male,Y,07/01/2016,4,0,3,0,0,0,0,0,1,0,0,0,0,0
07/18/2017,Region 4,Hartford Office,Female,Y,07/01/2016,5,1,4,0,0,0,0,0,0,0,0,0,0,0
07/18/2017,Region 6,New Britain Office,Male,Y,07/01/2016,3,1,0,0,2,0,0,0,0,0,0,0,0,0
07/18/2017,Region 3,Norwich Office,Female,N,07/01/2016,195,54,89,16,17,0,1,7,5,0,2,0,0,4
07/18/2017,Region 1,Bridgeport Office,Male,Y,07/01/2016,4,0,2,0,0,0,0,0,0,0,0,0,0,2
07/18/2017,Region 3,Middletown Office,Male,N,07/01/2016,55,21,12,3,10,0,0,2,2,0,0,0,0,5
07/18/2017,Region 1,Bridgeport Office,Female,Y,07/01/2016,6,0,4,0,0,0,0,0,1,0,0,0,0,1
07/18/2017,Region 1,Bridgeport Office,Male,N,07/01/2016,185,45,61,9,19,0,0,15,10,0,2,12,2,10
07/18/2017,Region 5,Torrington Office,Male,N,07/01/2016,62,16,20,5,15,0,0,4,1,0,0,0,0,1
07/18/2017,Region 6,New Britain Office,Male,N,07/01/2016,205,40,64,11,42,0,1,22,7,0,1,5,2,10
07/18/2017,Region 3,Willimantic Office,Male,Y,07/01/2016,3,1,1,0,0,0,0,0,0,0,0,0,0,1
07/18/2017,Region 0,Unassigned_Office,Male,N,07/01/2016,6,0,1,0,0,0,0,1,1,0,0,3,0,0
07/18/2017,Region 2,Milford Office,Female,Y,07/01/2016,6,0,2,0,0,0,0,0,0,0,0,0,0,4
07/18/2017,Region 3,Norwich Office,Male,N,07/01/2016,232,76,85,13,23,0,1,15,8,0,1,3,0,7
07/18/2017,Region 5,Torrington Office,Female,N,07/01/2016,80,25,20,9,22,0,0,0,0,0,1,0,0,3
07/18/2017,Region 4,Hartford Office,Female,N,07/01/2016,255,68,90,22,35,0,5,18,3,0,0,0,1,13
07/18/2017,Region 2,New Haven Office,Female,N,07/01/2016,170,48,50,13,25,0,0,6,6,0,3,0,1,18
07/18/2017,Region 3,Middletown Office,Female,N,07/01/2016,65,15,24,1,9,0,2,1,3,0,0,0,1,9
07/18/2017,Region 3,Willimantic Office,Male,N,07/01/2016,154,45,65,9,10,0,4,11,8,0,1,0,0,1
07/18/2017,Region 5,Danbury Office,Male,N,07/01/2016,115,36,45,12,17,0,0,1,0,0,0,1,1,2
07/18/2017,Region 6,Meriden Office,Female,N,07/01/2016,75,23,26,5,12,0,0,1,3,0,0,0,0,5
07/18/2017,Region 1,Bridgeport Office,Female,N,07/01/2016,101,25,28,7,31,0,0,5,2,0,0,0,0,3
07/18/2017,Region 3,Middletown Office,Male,Y,07/01/2016,4,2,1,0,0,0,0,0,0,0,0,0,0,1
07/18/2017,Region 2,New Haven Office,Male,Y,07/01/2016,4,0,1,0,2,0,0,0,0,0,0,0,0,1
